dataset,rows,seed,method,fold,one_se_size,argmin_size,argmin,one_se,loss_difference
superconductivity,3000,501,gated-T1,0,81,81,329.42410698819305,329.42410698819305,0.0
superconductivity,3000,501,gated-T1,1,81,81,295.0059563799555,295.0059563799555,0.0
superconductivity,3000,501,gated-T1,2,81,81,317.2035623943708,317.2035623943708,0.0
superconductivity,3000,501,gated-T2,0,81,81,329.42410698819305,329.42410698819305,0.0
superconductivity,3000,501,gated-T2,1,81,81,295.0059563799555,295.0059563799555,0.0
superconductivity,3000,501,gated-T2,2,81,81,317.2035623943708,317.2035623943708,0.0
superconductivity,3000,501,ungated-T1,0,81,81,329.42410698819305,329.42410698819305,0.0
superconductivity,3000,501,ungated-T1,1,81,81,295.0059563799555,295.0059563799555,0.0
superconductivity,3000,501,ungated-T1,2,81,81,317.2035623943708,317.2035623943708,0.0
superconductivity,3000,501,ungated-T2,0,81,81,329.42410698819305,329.42410698819305,0.0
superconductivity,3000,501,ungated-T2,1,81,81,295.0059563799555,295.0059563799555,0.0
superconductivity,3000,501,ungated-T2,2,81,81,317.2035623943708,317.2035623943708,0.0
superconductivity,3000,502,gated-T1,0,81,81,359.76419809950164,359.76419809950164,0.0
superconductivity,3000,502,gated-T1,1,81,81,316.26819111735915,316.26819111735915,0.0
superconductivity,3000,502,gated-T1,2,81,81,317.899800944213,317.899800944213,0.0
superconductivity,3000,502,gated-T2,0,81,81,359.76419809950164,359.76419809950164,0.0
superconductivity,3000,502,gated-T2,1,81,81,316.26819111735915,316.26819111735915,0.0
superconductivity,3000,502,gated-T2,2,81,81,317.899800944213,317.899800944213,0.0
superconductivity,3000,502,ungated-T1,0,81,81,359.76419809950164,359.76419809950164,0.0
superconductivity,3000,502,ungated-T1,1,81,81,316.26819111735915,316.26819111735915,0.0
superconductivity,3000,502,ungated-T1,2,81,81,317.899800944213,317.899800944213,0.0
superconductivity,3000,502,ungated-T2,0,81,81,359.76419809950164,359.76419809950164,0.0
superconductivity,3000,502,ungated-T2,1,81,81,316.26819111735915,316.26819111735915,0.0
superconductivity,3000,502,ungated-T2,2,81,81,317.899800944213,317.899800944213,0.0
superconductivity,3000,503,gated-T1,0,81,81,336.4436007755327,336.4436007755327,0.0
superconductivity,3000,503,gated-T1,1,81,81,311.2690744516493,311.2690744516493,0.0
superconductivity,3000,503,gated-T1,2,81,81,329.18581773584873,329.18581773584873,0.0
superconductivity,3000,503,gated-T2,0,81,81,336.4436007755327,336.4436007755327,0.0
superconductivity,3000,503,gated-T2,1,81,81,311.2690744516493,311.2690744516493,0.0
superconductivity,3000,503,gated-T2,2,81,81,329.18581773584873,329.18581773584873,0.0
superconductivity,3000,503,ungated-T1,0,81,81,336.4436007755327,336.4436007755327,0.0
superconductivity,3000,503,ungated-T1,1,81,81,311.2690744516493,311.2690744516493,0.0
superconductivity,3000,503,ungated-T1,2,81,81,329.18581773584873,329.18581773584873,0.0
superconductivity,3000,503,ungated-T2,0,81,81,336.4436007755327,336.4436007755327,0.0
superconductivity,3000,503,ungated-T2,1,81,81,311.2690744516493,311.2690744516493,0.0
superconductivity,3000,503,ungated-T2,2,81,81,329.18581773584873,329.18581773584873,0.0
superconductivity,3000,504,gated-T1,0,81,81,319.736775535962,319.736775535962,0.0
superconductivity,3000,504,gated-T1,1,81,81,338.57745290385253,338.57745290385253,0.0
superconductivity,3000,504,gated-T1,2,81,81,320.4961399756406,320.4961399756406,0.0
superconductivity,3000,504,gated-T2,0,81,81,319.736775535962,319.736775535962,0.0
superconductivity,3000,504,gated-T2,1,81,81,338.57745290385253,338.57745290385253,0.0
superconductivity,3000,504,gated-T2,2,81,81,320.4961399756406,320.4961399756406,0.0
superconductivity,3000,504,ungated-T1,0,81,81,319.736775535962,319.736775535962,0.0
superconductivity,3000,504,ungated-T1,1,81,81,338.57745290385253,338.57745290385253,0.0
superconductivity,3000,504,ungated-T1,2,81,81,320.4961399756406,320.4961399756406,0.0
superconductivity,3000,504,ungated-T2,0,81,81,319.736775535962,319.736775535962,0.0
superconductivity,3000,504,ungated-T2,1,81,81,338.57745290385253,338.57745290385253,0.0
superconductivity,3000,504,ungated-T2,2,81,81,320.4961399756406,320.4961399756406,0.0
superconductivity,3000,505,gated-T1,0,81,81,302.84948692101756,302.84948692101756,0.0
superconductivity,3000,505,gated-T1,1,81,81,320.58265526118623,320.58265526118623,0.0
superconductivity,3000,505,gated-T1,2,81,81,336.1850965976676,336.1850965976676,0.0
superconductivity,3000,505,gated-T2,0,81,81,302.84948692101756,302.84948692101756,0.0
superconductivity,3000,505,gated-T2,1,81,81,320.58265526118623,320.58265526118623,0.0
superconductivity,3000,505,gated-T2,2,81,81,336.1850965976676,336.1850965976676,0.0
superconductivity,3000,505,ungated-T1,0,81,81,302.84948692101756,302.84948692101756,0.0
superconductivity,3000,505,ungated-T1,1,81,81,320.58265526118623,320.58265526118623,0.0
superconductivity,3000,505,ungated-T1,2,81,81,336.1850965976676,336.1850965976676,0.0
superconductivity,3000,505,ungated-T2,0,81,81,302.84948692101756,302.84948692101756,0.0
superconductivity,3000,505,ungated-T2,1,81,81,320.58265526118623,320.58265526118623,0.0
superconductivity,3000,505,ungated-T2,2,81,81,336.1850965976676,336.1850965976676,0.0
superconductivity,5000,501,gated-T1,0,81,81,315.289570892575,315.289570892575,0.0
superconductivity,5000,501,gated-T1,1,81,81,308.8369685131714,308.8369685131714,0.0
superconductivity,5000,501,gated-T1,2,81,81,323.9772546146335,323.9772546146335,0.0
superconductivity,5000,501,gated-T2,0,81,81,315.289570892575,315.289570892575,0.0
superconductivity,5000,501,gated-T2,1,81,81,308.8369685131714,308.8369685131714,0.0
superconductivity,5000,501,gated-T2,2,81,81,323.9772546146335,323.9772546146335,0.0
superconductivity,5000,501,ungated-T1,0,81,81,315.289570892575,315.289570892575,0.0
superconductivity,5000,501,ungated-T1,1,81,81,308.8369685131714,308.8369685131714,0.0
superconductivity,5000,501,ungated-T1,2,81,81,323.9772546146335,323.9772546146335,0.0
superconductivity,5000,501,ungated-T2,0,81,81,315.289570892575,315.289570892575,0.0
superconductivity,5000,501,ungated-T2,1,81,81,308.8369685131714,308.8369685131714,0.0
superconductivity,5000,501,ungated-T2,2,81,81,323.9772546146335,323.9772546146335,0.0
superconductivity,5000,502,gated-T1,0,81,81,331.31806400383203,331.31806400383203,0.0
superconductivity,5000,502,gated-T1,1,81,81,314.06634739838677,314.06634739838677,0.0
superconductivity,5000,502,gated-T1,2,81,81,323.2370089100459,323.2370089100459,0.0
superconductivity,5000,502,gated-T2,0,81,81,331.31806400383203,331.31806400383203,0.0
superconductivity,5000,502,gated-T2,1,81,81,314.06634739838677,314.06634739838677,0.0
superconductivity,5000,502,gated-T2,2,81,81,323.2370089100459,323.2370089100459,0.0
superconductivity,5000,502,ungated-T1,0,81,81,331.31806400383203,331.31806400383203,0.0
superconductivity,5000,502,ungated-T1,1,81,81,314.06634739838677,314.06634739838677,0.0
superconductivity,5000,502,ungated-T1,2,81,81,323.2370089100459,323.2370089100459,0.0
superconductivity,5000,502,ungated-T2,0,81,81,331.31806400383203,331.31806400383203,0.0
superconductivity,5000,502,ungated-T2,1,81,81,314.06634739838677,314.06634739838677,0.0
superconductivity,5000,502,ungated-T2,2,81,81,323.2370089100459,323.2370089100459,0.0
superconductivity,5000,503,gated-T1,0,81,81,321.5928242601988,321.5928242601988,0.0
superconductivity,5000,503,gated-T1,1,81,81,319.2232219320468,319.2232219320468,0.0
superconductivity,5000,503,gated-T1,2,81,81,320.4426118660511,320.4426118660511,0.0
superconductivity,5000,503,gated-T2,0,81,81,321.5928242601988,321.5928242601988,0.0
superconductivity,5000,503,gated-T2,1,81,81,319.2232219320468,319.2232219320468,0.0
superconductivity,5000,503,gated-T2,2,81,81,320.4426118660511,320.4426118660511,0.0
superconductivity,5000,503,ungated-T1,0,81,81,321.5928242601988,321.5928242601988,0.0
superconductivity,5000,503,ungated-T1,1,81,81,319.2232219320468,319.2232219320468,0.0
superconductivity,5000,503,ungated-T1,2,81,81,320.4426118660511,320.4426118660511,0.0
superconductivity,5000,503,ungated-T2,0,81,81,321.5928242601988,321.5928242601988,0.0
superconductivity,5000,503,ungated-T2,1,81,81,319.2232219320468,319.2232219320468,0.0
superconductivity,5000,503,ungated-T2,2,81,81,320.4426118660511,320.4426118660511,0.0
superconductivity,5000,504,gated-T1,0,81,81,308.2464193842306,308.2464193842306,0.0
superconductivity,5000,504,gated-T1,1,81,81,339.356857951614,339.356857951614,0.0
superconductivity,5000,504,gated-T1,2,81,81,312.5535511062082,312.5535511062082,0.0
superconductivity,5000,504,gated-T2,0,81,81,308.2464193842306,308.2464193842306,0.0
superconductivity,5000,504,gated-T2,1,81,81,339.356857951614,339.356857951614,0.0
superconductivity,5000,504,gated-T2,2,81,81,312.5535511062082,312.5535511062082,0.0
superconductivity,5000,504,ungated-T1,0,81,81,308.2464193842306,308.2464193842306,0.0
superconductivity,5000,504,ungated-T1,1,81,81,339.356857951614,339.356857951614,0.0
superconductivity,5000,504,ungated-T1,2,81,81,312.5535511062082,312.5535511062082,0.0
superconductivity,5000,504,ungated-T2,0,81,81,308.2464193842306,308.2464193842306,0.0
superconductivity,5000,504,ungated-T2,1,81,81,339.356857951614,339.356857951614,0.0
superconductivity,5000,504,ungated-T2,2,81,81,312.5535511062082,312.5535511062082,0.0
superconductivity,5000,505,gated-T1,0,81,81,311.06028214416136,311.06028214416136,0.0
superconductivity,5000,505,gated-T1,1,81,81,316.0812018683911,316.0812018683911,0.0
superconductivity,5000,505,gated-T1,2,81,81,320.76868851709446,320.76868851709446,0.0
superconductivity,5000,505,gated-T2,0,81,81,311.06028214416136,311.06028214416136,0.0
superconductivity,5000,505,gated-T2,1,81,81,316.0812018683911,316.0812018683911,0.0
superconductivity,5000,505,gated-T2,2,81,81,320.76868851709446,320.76868851709446,0.0
superconductivity,5000,505,ungated-T1,0,81,81,311.06028214416136,311.06028214416136,0.0
superconductivity,5000,505,ungated-T1,1,81,81,316.0812018683911,316.0812018683911,0.0
superconductivity,5000,505,ungated-T1,2,81,81,320.76868851709446,320.76868851709446,0.0
superconductivity,5000,505,ungated-T2,0,81,81,311.06028214416136,311.06028214416136,0.0
superconductivity,5000,505,ungated-T2,1,81,81,316.0812018683911,316.0812018683911,0.0
superconductivity,5000,505,ungated-T2,2,81,81,320.76868851709446,320.76868851709446,0.0
miniboone,3000,501,gated-T1,0,16,50,0.23410893392666254,0.2730509249610181,-0.03894199103435558
miniboone,3000,501,gated-T1,1,16,50,0.24624279433133336,0.2611724027257244,-0.01492960839439103
miniboone,3000,501,gated-T1,2,32,50,0.23572657134877578,0.24747885352047805,-0.011752282171702266
miniboone,3000,501,gated-T2,0,32,50,0.23410893392666254,0.2423124635919955,-0.008203529665332943
miniboone,3000,501,gated-T2,1,32,50,0.24624279433133336,0.2468295664013071,-0.0005867720699737344
miniboone,3000,501,gated-T2,2,32,50,0.23572657134877578,0.25720474402741095,-0.021478172678635166
miniboone,3000,501,ungated-T1,0,32,32,0.23869652094306854,0.23869652094306854,0.0
miniboone,3000,501,ungated-T1,1,16,32,0.24875495149770765,0.25613899515588007,-0.007384043658172412
miniboone,3000,501,ungated-T1,2,32,32,0.25181961083519955,0.25181961083519955,0.0
miniboone,3000,501,ungated-T2,0,32,50,0.23410893392666254,0.23592285469371782,-0.001813920767055277
miniboone,3000,501,ungated-T2,1,16,50,0.24624279433133336,0.26090625623547775,-0.014663461904144387
miniboone,3000,501,ungated-T2,2,32,32,0.2404818399513404,0.2404818399513404,0.0
miniboone,3000,502,gated-T1,0,16,32,0.24370267032553808,0.2747416520295323,-0.031038981703994245
miniboone,3000,502,gated-T1,1,32,50,0.2784582550357715,0.28018762110760104,-0.0017293660718295523
miniboone,3000,502,gated-T1,2,16,32,0.2353773357456977,0.24068207029908847,-0.005304734553390783
miniboone,3000,502,gated-T2,0,8,50,0.23313779952921987,0.28886850089840915,-0.055730701369189284
miniboone,3000,502,gated-T2,1,32,32,0.28087798635329764,0.28087798635329764,0.0
miniboone,3000,502,gated-T2,2,16,32,0.23660609707424668,0.2397741399186122,-0.0031680428443655317
miniboone,3000,502,ungated-T1,0,16,32,0.24294236639724148,0.25883780252121974,-0.015895436123978257
miniboone,3000,502,ungated-T1,1,32,32,0.2750750439798009,0.2750750439798009,0.0
miniboone,3000,502,ungated-T1,2,16,32,0.23751384539653891,0.24791381897144385,-0.010399973574904936
miniboone,3000,502,ungated-T2,0,8,32,0.24078151651642893,0.26423645242393745,-0.023454935907508523
miniboone,3000,502,ungated-T2,1,16,50,0.2784582550357715,0.2757015289866055,0.0027567260491659917
miniboone,3000,502,ungated-T2,2,16,32,0.23460018202384064,0.24498457819908828,-0.01038439617524764
miniboone,3000,503,gated-T1,0,32,50,0.24979333360605713,0.2604886233762069,-0.010695289770149746
miniboone,3000,503,gated-T1,1,32,50,0.24396120240249639,0.24604803601843597,-0.0020868336159395873
miniboone,3000,503,gated-T1,2,32,32,0.240505495541283,0.240505495541283,0.0
miniboone,3000,503,gated-T2,0,32,50,0.24979333360605713,0.26679624583514683,-0.0170029122290897
miniboone,3000,503,gated-T2,1,32,50,0.24396120240249639,0.2401180311791783,0.0038431712233180926
miniboone,3000,503,gated-T2,2,16,50,0.23243195614862056,0.26307860309493514,-0.030646646946314582
miniboone,3000,503,ungated-T1,0,50,50,0.24979333360605713,0.24979333360605713,0.0
miniboone,3000,503,ungated-T1,1,32,50,0.24396120240249639,0.241994498095373,0.001966704307123396
miniboone,3000,503,ungated-T1,2,32,50,0.23243195614862056,0.23675715669417477,-0.004325200545554214
miniboone,3000,503,ungated-T2,0,16,50,0.24979333360605713,0.2731036714805906,-0.023310337874533488
miniboone,3000,503,ungated-T2,1,32,50,0.24396120240249639,0.25011373751869903,-0.006152535116202645
miniboone,3000,503,ungated-T2,2,16,50,0.23243195614862056,0.2429772508901133,-0.010545294741492739
miniboone,3000,504,gated-T1,0,32,50,0.23629821912700677,0.23698268575976414,-0.000684466632757369
miniboone,3000,504,gated-T1,1,32,32,0.2249237783199863,0.2249237783199863,0.0
miniboone,3000,504,gated-T1,2,50,50,0.2594074692879657,0.2594074692879657,0.0
miniboone,3000,504,gated-T2,0,16,32,0.2384519360785921,0.2461195479115694,-0.007667611832977289
miniboone,3000,504,gated-T2,1,16,32,0.23002335916510144,0.2450707611641255,-0.015047401999024046
miniboone,3000,504,gated-T2,2,50,50,0.2594074692879657,0.2594074692879657,0.0
miniboone,3000,504,ungated-T1,0,16,50,0.23629821912700677,0.24770971395982072,-0.011411494832813951
miniboone,3000,504,ungated-T1,1,32,50,0.2276815412404064,0.22494093344669297,0.0027406077937134343
miniboone,3000,504,ungated-T1,2,50,50,0.2594074692879657,0.2594074692879657,0.0
miniboone,3000,504,ungated-T2,0,16,50,0.23629821912700677,0.24123370169857794,-0.00493548257157117
miniboone,3000,504,ungated-T2,1,32,32,0.23142053585836736,0.23142053585836736,0.0
miniboone,3000,504,ungated-T2,2,50,50,0.2594074692879657,0.2594074692879657,0.0
miniboone,3000,505,gated-T1,0,32,50,0.25692325238941505,0.2634745771796621,-0.0065513247902470595
miniboone,3000,505,gated-T1,1,16,32,0.257675154458022,0.2661026116510775,-0.008427457193055488
miniboone,3000,505,gated-T1,2,32,50,0.2398586172200365,0.24585416211380448,-0.005995544893767968
miniboone,3000,505,gated-T2,0,16,32,0.2740921491310591,0.2758582291048274,-0.0017660799737682642
miniboone,3000,505,gated-T2,1,32,50,0.25626438204570423,0.2620489537093238,-0.005784571663619564
miniboone,3000,505,gated-T2,2,32,50,0.2398586172200365,0.2379520866320077,0.0019065305880288097
miniboone,3000,505,ungated-T1,0,16,32,0.260207547434121,0.27613200433986695,-0.015924456905745954
miniboone,3000,505,ungated-T1,1,16,50,0.25626438204570423,0.26848601396955585,-0.012221631923851617
miniboone,3000,505,ungated-T1,2,32,50,0.2398586172200365,0.24085308891914825,-0.0009944716991117375
miniboone,3000,505,ungated-T2,0,16,32,0.2576931403007213,0.27784176417486894,-0.02014862387414762
miniboone,3000,505,ungated-T2,1,16,50,0.25626438204570423,0.2587626239472395,-0.0024982419015352475
miniboone,3000,505,ungated-T2,2,32,32,0.24089215725394134,0.24089215725394134,0.0
miniboone,5000,501,gated-T1,0,50,50,0.22965266245786517,0.22965266245786517,0.0
miniboone,5000,501,gated-T1,1,32,50,0.2620717032127577,0.2650320488489984,-0.002960345636240702
miniboone,5000,501,gated-T1,2,50,50,0.21451238032669573,0.21451238032669573,0.0
miniboone,5000,501,gated-T2,0,50,50,0.22965266245786517,0.22965266245786517,0.0
miniboone,5000,501,gated-T2,1,32,50,0.2620717032127577,0.2619706609357557,0.00010104227700197255
miniboone,5000,501,gated-T2,2,50,50,0.21451238032669573,0.21451238032669573,0.0
miniboone,5000,501,ungated-T1,0,50,50,0.22965266245786517,0.22965266245786517,0.0
miniboone,5000,501,ungated-T1,1,32,50,0.2620717032127577,0.259785972959765,0.002285730252992668
miniboone,5000,501,ungated-T1,2,32,50,0.21451238032669573,0.22523546671416156,-0.01072308638746583
miniboone,5000,501,ungated-T2,0,50,50,0.22965266245786517,0.22965266245786517,0.0
miniboone,5000,501,ungated-T2,1,32,50,0.2620717032127577,0.26625276438224815,-0.004181061169490463
miniboone,5000,501,ungated-T2,2,50,50,0.21451238032669573,0.21451238032669573,0.0
miniboone,5000,502,gated-T1,0,50,50,0.2291775405450188,0.2291775405450188,0.0
miniboone,5000,502,gated-T1,1,32,50,0.2402189322093033,0.23979320699809253,0.000425725211210759
miniboone,5000,502,gated-T1,2,16,32,0.2890713967922623,0.2934907698064125,-0.004419373014150185
miniboone,5000,502,gated-T2,0,32,50,0.2291775405450188,0.2356273749381593,-0.006449834393140508
miniboone,5000,502,gated-T2,1,32,50,0.2402189322093033,0.2389721198122925,0.0012468123970107992
miniboone,5000,502,gated-T2,2,16,50,0.2737517053715647,0.2956583391726948,-0.021906633801130115
miniboone,5000,502,ungated-T1,0,32,50,0.2291775405450188,0.23376391218803297,-0.0045863716430141754
miniboone,5000,502,ungated-T1,1,32,50,0.2402189322093033,0.24126292514232783,-0.00104399293302454
miniboone,5000,502,ungated-T1,2,16,50,0.2737517053715647,0.29688893470789746,-0.023137229336332776
miniboone,5000,502,ungated-T2,0,32,50,0.2291775405450188,0.23320561126787842,-0.004028070722859628
miniboone,5000,502,ungated-T2,1,32,50,0.2402189322093033,0.24085146669454877,-0.0006325344852454728
miniboone,5000,502,ungated-T2,2,16,16,0.29234560063367915,0.29234560063367915,0.0
miniboone,5000,503,gated-T1,0,32,50,0.23634272748846458,0.2391924749917727,-0.002849747503308131
miniboone,5000,503,gated-T1,1,50,50,0.22839968275654052,0.22839968275654052,0.0
miniboone,5000,503,gated-T1,2,32,50,0.2477285899249867,0.2502383892239078,-0.0025097992989210893
miniboone,5000,503,gated-T2,0,50,50,0.23634272748846458,0.23634272748846458,0.0
miniboone,5000,503,gated-T2,1,50,50,0.22839968275654052,0.22839968275654052,0.0
miniboone,5000,503,gated-T2,2,32,50,0.2477285899249867,0.25023880013236194,-0.002510210207375241
miniboone,5000,503,ungated-T1,0,50,50,0.23634272748846458,0.23634272748846458,0.0
miniboone,5000,503,ungated-T1,1,50,50,0.22839968275654052,0.22839968275654052,0.0
miniboone,5000,503,ungated-T1,2,32,50,0.2477285899249867,0.24851614692165933,-0.0007875569966726281
miniboone,5000,503,ungated-T2,0,50,50,0.23634272748846458,0.23634272748846458,0.0
miniboone,5000,503,ungated-T2,1,32,50,0.22839968275654052,0.23664046438309125,-0.00824078162655073
miniboone,5000,503,ungated-T2,2,32,50,0.2477285899249867,0.25001767763504845,-0.0022890877100617546
miniboone,5000,504,gated-T1,0,50,50,0.22789270293166689,0.22789270293166689,0.0
miniboone,5000,504,gated-T1,1,32,50,0.23006585248264547,0.24447801973735075,-0.014412167254705288
miniboone,5000,504,gated-T1,2,32,50,0.23375314596835484,0.240596825329375,-0.006843679361020177
miniboone,5000,504,gated-T2,0,32,32,0.22623585442017927,0.22623585442017927,0.0
miniboone,5000,504,gated-T2,1,32,50,0.23006585248264547,0.24142538876538958,-0.01135953628274411
miniboone,5000,504,gated-T2,2,32,50,0.23375314596835484,0.24116483216037188,-0.007411686192017042
miniboone,5000,504,ungated-T1,0,32,50,0.22789270293166689,0.23124764521508526,-0.0033549422834183718
miniboone,5000,504,ungated-T1,1,32,50,0.23006585248264547,0.23630861111353355,-0.006242758630888079
miniboone,5000,504,ungated-T1,2,32,50,0.23375314596835484,0.23507308607395982,-0.0013199401056049886
miniboone,5000,504,ungated-T2,0,50,50,0.22789270293166689,0.22789270293166689,0.0
miniboone,5000,504,ungated-T2,1,32,50,0.23006585248264547,0.23647931061473318,-0.006413458132087713
miniboone,5000,504,ungated-T2,2,32,50,0.23375314596835484,0.23846181707200492,-0.004708671103650086
miniboone,5000,505,gated-T1,0,32,50,0.2299094476774826,0.23263035867891357,-0.0027209110014309867
miniboone,5000,505,gated-T1,1,32,32,0.2474641644322948,0.2474641644322948,0.0
miniboone,5000,505,gated-T1,2,50,50,0.22774399470180903,0.22774399470180903,0.0
miniboone,5000,505,gated-T2,0,32,50,0.2299094476774826,0.23570733193370672,-0.005797884256224128
miniboone,5000,505,gated-T2,1,32,50,0.2453569371895689,0.24619500780521747,-0.0008380706156485562
miniboone,5000,505,gated-T2,2,32,50,0.22774399470180903,0.2309606809209622,-0.003216686219153164
miniboone,5000,505,ungated-T1,0,16,50,0.2299094476774826,0.26015479709361794,-0.030245349416135353
miniboone,5000,505,ungated-T1,1,32,50,0.2453569371895689,0.24902865827530268,-0.00367172108573377
miniboone,5000,505,ungated-T1,2,32,50,0.22774399470180903,0.2292242150927471,-0.001480220390938064
miniboone,5000,505,ungated-T2,0,32,50,0.2299094476774826,0.2308203804164432,-0.0009109327389606181
miniboone,5000,505,ungated-T2,1,32,50,0.2453569371895689,0.2516677501774652,-0.006310812987896264
miniboone,5000,505,ungated-T2,2,32,50,0.22774399470180903,0.2283172537073192,-0.0005732590055101683
yearpredictionmsd,3000,501,gated-T1,0,16,32,93.03487289303162,99.181991092972,-6.14711819994038
yearpredictionmsd,3000,501,gated-T1,1,32,90,111.53973329591844,112.83288371105284,-1.2931504151344058
yearpredictionmsd,3000,501,gated-T1,2,16,90,89.15335085641212,97.59529152568328,-8.441940669271162
yearpredictionmsd,3000,501,gated-T2,0,16,90,84.01370495594374,96.02759581174291,-12.013890855799175
yearpredictionmsd,3000,501,gated-T2,1,16,32,112.21861345718312,115.68245941437284,-3.4638459571897187
yearpredictionmsd,3000,501,gated-T2,2,16,32,94.21909384775408,94.91700810915118,-0.6979142613971021
yearpredictionmsd,3000,501,ungated-T1,0,16,90,84.01370495594374,94.70063241224646,-10.686927456302726
yearpredictionmsd,3000,501,ungated-T1,1,32,90,111.53973329591844,112.50826100161316,-0.9685277056947257
yearpredictionmsd,3000,501,ungated-T1,2,16,32,89.46672094488694,92.29779204431185,-2.8310710994249035
yearpredictionmsd,3000,501,ungated-T2,0,32,90,84.01370495594374,92.26991591326279,-8.256210957319055
yearpredictionmsd,3000,501,ungated-T2,1,32,90,111.53973329591844,111.52675582393309,0.012977471985351485
yearpredictionmsd,3000,501,ungated-T2,2,32,32,90.31691173030416,90.31691173030416,0.0
yearpredictionmsd,3000,502,gated-T1,0,8,90,87.37495977230805,91.09140319936222,-3.7164434270541733
yearpredictionmsd,3000,502,gated-T1,1,8,32,103.20634154409038,107.15135816890093,-3.945016624810549
yearpredictionmsd,3000,502,gated-T1,2,8,90,100.26389987316871,99.63174432287734,0.6321555502913725
yearpredictionmsd,3000,502,gated-T2,0,8,32,87.98039264687881,93.22233912821154,-5.241946481332732
yearpredictionmsd,3000,502,gated-T2,1,4,16,101.51486579088662,108.07611430505014,-6.561248514163523
yearpredictionmsd,3000,502,gated-T2,2,8,32,98.97750007130205,101.5220541617726,-2.5445540904705553
yearpredictionmsd,3000,502,ungated-T1,0,4,90,87.37495977230805,95.70648700935024,-8.331527237042195
yearpredictionmsd,3000,502,ungated-T1,1,8,16,101.55556661164007,103.02098192506327,-1.4654153134231933
yearpredictionmsd,3000,502,ungated-T1,2,8,16,100.20382522042908,100.44279594684942,-0.2389707264203338
yearpredictionmsd,3000,502,ungated-T2,0,8,90,87.37495977230805,94.94804021427362,-7.573080441965573
yearpredictionmsd,3000,502,ungated-T2,1,4,32,100.83334563779827,108.07611430505014,-7.242768667251866
yearpredictionmsd,3000,502,ungated-T2,2,8,32,98.4075719551571,99.63174432287734,-1.224172367720243
yearpredictionmsd,3000,503,gated-T1,0,16,32,95.77382315584775,102.5441933114045,-6.770370155556748
yearpredictionmsd,3000,503,gated-T1,1,16,32,101.8057498263557,106.0728041433798,-4.267054317024105
yearpredictionmsd,3000,503,gated-T1,2,8,32,103.27224452529047,103.08634420140851,0.18590032388196676
yearpredictionmsd,3000,503,gated-T2,0,8,32,96.27015511497694,103.89903712710706,-7.62888201213012
yearpredictionmsd,3000,503,gated-T2,1,16,32,99.10586389132138,100.55851774278027,-1.4526538514588907
yearpredictionmsd,3000,503,gated-T2,2,8,32,100.95865657697004,103.15066186256402,-2.1920052855939787
yearpredictionmsd,3000,503,ungated-T1,0,16,32,95.62918742284805,96.00169103041189,-0.3725036075638428
yearpredictionmsd,3000,503,ungated-T1,1,8,32,99.41240272552778,100.41803268229386,-1.0056299567660716
yearpredictionmsd,3000,503,ungated-T1,2,8,32,100.88344177531854,103.23358449534915,-2.350142720030604
yearpredictionmsd,3000,503,ungated-T2,0,8,32,95.3539885421362,104.47588023830019,-9.121891696163999
yearpredictionmsd,3000,503,ungated-T2,1,16,32,98.82463139791778,100.17276392838606,-1.348132530468277
yearpredictionmsd,3000,503,ungated-T2,2,8,32,101.75430803581193,104.66558216099376,-2.9112741251818335
yearpredictionmsd,3000,504,gated-T1,0,16,90,99.37438632537075,99.19960858245118,0.1747777429195736
yearpredictionmsd,3000,504,gated-T1,1,16,32,105.50243082385394,107.71181894515215,-2.209388121298204
yearpredictionmsd,3000,504,gated-T1,2,16,16,93.96752223985521,93.96752223985521,0.0
yearpredictionmsd,3000,504,gated-T2,0,16,90,99.37438632537075,99.76700798683063,-0.3926216614598843
yearpredictionmsd,3000,504,gated-T2,1,4,16,105.50613387345703,115.47400230711665,-9.967868433659618
yearpredictionmsd,3000,504,gated-T2,2,16,16,95.22374507912174,95.22374507912174,0.0
yearpredictionmsd,3000,504,ungated-T1,0,16,90,99.37438632537075,99.41417931599815,-0.03979299062740438
yearpredictionmsd,3000,504,ungated-T1,1,8,32,105.78901068356114,107.26514009134678,-1.4761294077856348
yearpredictionmsd,3000,504,ungated-T1,2,8,90,94.11347527232583,96.33612296246498,-2.222647690139155
yearpredictionmsd,3000,504,ungated-T2,0,8,90,99.37438632537075,99.18949935160786,0.184886973762886
yearpredictionmsd,3000,504,ungated-T2,1,4,32,105.72082311291524,115.47400230711665,-9.753179194201408
yearpredictionmsd,3000,504,ungated-T2,2,8,90,94.11347527232583,96.307843301218,-2.194368028892171
yearpredictionmsd,3000,505,gated-T1,0,8,32,117.02673445917402,120.84102126125877,-3.8142868020847516
yearpredictionmsd,3000,505,gated-T1,1,32,90,106.2682965038987,105.83876127768707,0.42953522621162676
yearpredictionmsd,3000,505,gated-T1,2,8,32,115.77226253580672,129.44887264143725,-13.67661010563053
yearpredictionmsd,3000,505,gated-T2,0,4,32,116.729031282728,120.9669114336154,-4.237880150887392
yearpredictionmsd,3000,505,gated-T2,1,16,32,104.82044454196165,106.00785278828488,-1.1874082463232298
yearpredictionmsd,3000,505,gated-T2,2,8,32,116.515124666463,122.56628896159125,-6.05116429512826
yearpredictionmsd,3000,505,ungated-T1,0,4,32,116.50493974421867,126.29286724665243,-9.78792750243376
yearpredictionmsd,3000,505,ungated-T1,1,32,32,102.5732990897398,102.5732990897398,0.0
yearpredictionmsd,3000,505,ungated-T1,2,8,90,113.06465146478475,117.0234742155984,-3.9588227508136526
yearpredictionmsd,3000,505,ungated-T2,0,8,90,113.93974970505336,118.31833736842187,-4.378587663368506
yearpredictionmsd,3000,505,ungated-T2,1,32,32,102.86478650972036,102.86478650972036,0.0
yearpredictionmsd,3000,505,ungated-T2,2,8,32,113.51112292863468,121.124410462573,-7.613287533938319
yearpredictionmsd,5000,501,gated-T1,0,90,90,88.52632448119279,88.52632448119279,0.0
yearpredictionmsd,5000,501,gated-T1,1,16,90,92.68196078173501,94.88563135207454,-2.2036705703395256
yearpredictionmsd,5000,501,gated-T1,2,90,90,91.88250818049765,91.88250818049765,0.0
yearpredictionmsd,5000,501,gated-T2,0,32,90,88.52632448119279,90.60734620051136,-2.0810217193185707
yearpredictionmsd,5000,501,gated-T2,1,16,90,92.68196078173501,97.12520145742977,-4.443240675694753
yearpredictionmsd,5000,501,gated-T2,2,16,90,91.88250818049765,101.7126837467136,-9.830175566215942
yearpredictionmsd,5000,501,ungated-T1,0,32,90,88.52632448119279,90.24140062478716,-1.7150761435943735
yearpredictionmsd,5000,501,ungated-T1,1,8,90,92.68196078173501,97.78833604963368,-5.10637526789867
yearpredictionmsd,5000,501,ungated-T1,2,16,90,91.88250818049765,96.76830876910871,-4.885800588611062
yearpredictionmsd,5000,501,ungated-T2,0,90,90,88.52632448119279,88.52632448119279,0.0
yearpredictionmsd,5000,501,ungated-T2,1,8,90,92.68196078173501,99.06565226424948,-6.383691482514465
yearpredictionmsd,5000,501,ungated-T2,2,8,90,91.88250818049765,98.34103575383129,-6.45852757333364
yearpredictionmsd,5000,502,gated-T1,0,90,90,95.82904038077504,95.82904038077504,0.0
yearpredictionmsd,5000,502,gated-T1,1,90,90,103.21854444262019,103.21854444262019,0.0
yearpredictionmsd,5000,502,gated-T1,2,16,90,94.43213734555692,99.90402550695975,-5.4718881614028305
yearpredictionmsd,5000,502,gated-T2,0,32,90,95.82904038077504,98.38967975956696,-2.560639378791919
yearpredictionmsd,5000,502,gated-T2,1,32,90,103.21854444262019,108.18977555861089,-4.9712311159907046
yearpredictionmsd,5000,502,gated-T2,2,16,90,94.43213734555692,100.95062976991483,-6.518492424357902
yearpredictionmsd,5000,502,ungated-T1,0,32,90,95.82904038077504,98.30035723902256,-2.471316858247519
yearpredictionmsd,5000,502,ungated-T1,1,32,90,103.21854444262019,105.14477414958205,-1.9262297069618626
yearpredictionmsd,5000,502,ungated-T1,2,16,90,94.43213734555692,98.68916405710648,-4.257026711549557
yearpredictionmsd,5000,502,ungated-T2,0,32,90,95.82904038077504,97.14977018234201,-1.3207298015669693
yearpredictionmsd,5000,502,ungated-T2,1,90,90,103.21854444262019,103.21854444262019,0.0
yearpredictionmsd,5000,502,ungated-T2,2,16,90,94.43213734555692,98.33368467281022,-3.9015473272532972
yearpredictionmsd,5000,503,gated-T1,0,32,90,95.458229672937,103.62184054046388,-8.163610867526884
yearpredictionmsd,5000,503,gated-T1,1,90,90,94.25796604751402,94.25796604751402,0.0
yearpredictionmsd,5000,503,gated-T1,2,90,90,88.66996086198758,88.66996086198758,0.0
yearpredictionmsd,5000,503,gated-T2,0,32,90,95.458229672937,102.50878916341179,-7.050559490474797
yearpredictionmsd,5000,503,gated-T2,1,90,90,94.25796604751402,94.25796604751402,0.0
yearpredictionmsd,5000,503,gated-T2,2,32,90,88.66996086198758,91.22685224278746,-2.5568913807998825
yearpredictionmsd,5000,503,ungated-T1,0,32,90,95.458229672937,98.54677395300693,-3.0885442800699394
yearpredictionmsd,5000,503,ungated-T1,1,32,32,96.71363820679784,96.71363820679784,0.0
yearpredictionmsd,5000,503,ungated-T1,2,32,90,88.66996086198758,91.45652493493806,-2.7865640729504833
yearpredictionmsd,5000,503,ungated-T2,0,32,90,95.458229672937,98.20020104867667,-2.7419713757396806
yearpredictionmsd,5000,503,ungated-T2,1,32,32,96.27346282474163,96.27346282474163,0.0
yearpredictionmsd,5000,503,ungated-T2,2,32,90,88.66996086198758,91.69613875539139,-3.026177893403812
yearpredictionmsd,5000,504,gated-T1,0,32,90,98.37880760418165,98.81416639415392,-0.43535878997226973
yearpredictionmsd,5000,504,gated-T1,1,8,90,98.6922664249529,104.11774101947918,-5.425474594526278
yearpredictionmsd,5000,504,gated-T1,2,16,90,93.03671599572554,98.04261022740583,-5.005894231680287
yearpredictionmsd,5000,504,gated-T2,0,16,90,98.37880760418165,100.1703919516817,-1.7915843475000486
yearpredictionmsd,5000,504,gated-T2,1,8,90,98.6922664249529,104.80638424069511,-6.114117815742205
yearpredictionmsd,5000,504,gated-T2,2,16,90,93.03671599572554,97.14529268828736,-4.108576692561812
yearpredictionmsd,5000,504,ungated-T1,0,16,90,98.37880760418165,99.4972456444369,-1.1184380402552563
yearpredictionmsd,5000,504,ungated-T1,1,8,90,98.6922664249529,106.80094350982777,-8.10867708487487
yearpredictionmsd,5000,504,ungated-T1,2,16,90,93.03671599572554,97.23634671653436,-4.199630720808813
yearpredictionmsd,5000,504,ungated-T2,0,16,90,98.37880760418165,101.7883202429065,-3.4095126387248484
yearpredictionmsd,5000,504,ungated-T2,1,8,32,99.13650264977083,103.60935914522366,-4.472856495452831
yearpredictionmsd,5000,504,ungated-T2,2,16,90,93.03671599572554,97.30273174355523,-4.266015747829684
yearpredictionmsd,5000,505,gated-T1,0,16,90,91.09777023193631,94.01504327695407,-2.9172730450177653
yearpredictionmsd,5000,505,gated-T1,1,16,90,87.17262791996069,95.3820174625062,-8.209389542545509
yearpredictionmsd,5000,505,gated-T1,2,32,90,97.35693767942996,98.57890053094272,-1.2219628515127567
yearpredictionmsd,5000,505,gated-T2,0,16,90,91.09777023193631,92.0828655426875,-0.9850953107511913
yearpredictionmsd,5000,505,gated-T2,1,16,32,91.86981575466456,96.68018672066837,-4.810370966003816
yearpredictionmsd,5000,505,gated-T2,2,16,90,97.35693767942996,100.26427059644587,-2.907332917015907
yearpredictionmsd,5000,505,ungated-T1,0,8,32,90.59641135838064,95.60957035797173,-5.013158999591099
yearpredictionmsd,5000,505,ungated-T1,1,8,90,87.17262791996069,96.1319357196694,-8.95930779970871
yearpredictionmsd,5000,505,ungated-T1,2,16,90,97.35693767942996,100.26443884507025,-2.9075011656402836
yearpredictionmsd,5000,505,ungated-T2,0,8,32,90.3648125525325,97.40492288799344,-7.040110335460938
yearpredictionmsd,5000,505,ungated-T2,1,8,32,88.82738064960392,94.48459503903983,-5.657214389435907
yearpredictionmsd,5000,505,ungated-T2,2,16,90,97.35693767942996,100.6750607426627,-3.3181230632327328
