dataset,rows,seed,method,status,new_model_fits,original_method_fits,elapsed_seconds,peak_memory_gib,all_loss,l1_loss,error,one_se_loss,argmin_loss,one_se_size,argmin_size,one_se_jaccard,argmin_jaccard,loss_difference,size_difference,jaccard_difference,changed_folds,one_se_minus_all,one_se_minus_l1,argmin_minus_all,argmin_minus_l1
superconductivity,3000,501,gated-T1,complete,6,3969,0.093191709369421,0.2182769775390625,313.8778752541731,313.4973391424198,,313.8778752541731,313.8778752541731,81.0,81.0,1.0,1.0,0.0,0.0,0.0,0,0.0,0.38053611175331525,0.0,0.38053611175331525
superconductivity,3000,501,gated-T2,complete,6,7842,0.08318575005978346,0.219024658203125,313.8778752541731,313.4973391424198,,313.8778752541731,313.8778752541731,81.0,81.0,1.0,1.0,0.0,0.0,0.0,0,0.0,0.38053611175331525,0.0,0.38053611175331525
superconductivity,3000,501,ungated-T1,complete,6,3928,0.08220024965703487,0.2182769775390625,313.8778752541731,313.4973391424198,,313.8778752541731,313.8778752541731,81.0,81.0,1.0,1.0,0.0,0.0,0.0,0,0.0,0.38053611175331525,0.0,0.38053611175331525
superconductivity,3000,501,ungated-T2,complete,6,7758,0.08872825000435114,0.2246246337890625,313.8778752541731,313.4973391424198,,313.8778752541731,313.8778752541731,81.0,81.0,1.0,1.0,0.0,0.0,0.0,0,0.0,0.38053611175331525,0.0,0.38053611175331525
superconductivity,3000,502,gated-T1,complete,6,3969,0.0860090833157301,0.2194671630859375,331.31073005369126,331.64400555710444,,331.31073005369126,331.31073005369126,81.0,81.0,1.0,1.0,0.0,0.0,0.0,0,0.0,-0.33327550341317647,0.0,-0.33327550341317647
superconductivity,3000,502,gated-T2,complete,6,7845,0.08542879205197096,0.2234344482421875,331.31073005369126,331.64400555710444,,331.31073005369126,331.31073005369126,81.0,81.0,1.0,1.0,0.0,0.0,0.0,0,0.0,-0.33327550341317647,0.0,-0.33327550341317647
superconductivity,3000,502,ungated-T1,complete,6,3930,0.08896691631525755,0.2194671630859375,331.31073005369126,331.64400555710444,,331.31073005369126,331.31073005369126,81.0,81.0,1.0,1.0,0.0,0.0,0.0,0,0.0,-0.33327550341317647,0.0,-0.33327550341317647
superconductivity,3000,502,ungated-T2,complete,6,7761,0.08386445976793766,0.2234649658203125,331.31073005369126,331.64400555710444,,331.31073005369126,331.31073005369126,81.0,81.0,1.0,1.0,0.0,0.0,0.0,0,0.0,-0.33327550341317647,0.0,-0.33327550341317647
superconductivity,3000,503,gated-T1,complete,6,3969,0.08695587422698736,0.2188873291015625,325.6328309876769,325.9064969493046,,325.6328309876769,325.6328309876769,81.0,81.0,1.0,1.0,0.0,0.0,0.0,0,0.0,-0.2736659616276711,0.0,-0.2736659616276711
superconductivity,3000,503,gated-T2,complete,6,7845,0.25550741609185934,0.2193450927734375,325.6328309876769,325.9064969493046,,325.6328309876769,325.6328309876769,81.0,81.0,1.0,1.0,0.0,0.0,0.0,0,0.0,-0.2736659616276711,0.0,-0.2736659616276711
superconductivity,3000,503,ungated-T1,complete,6,3932,0.2580114584416151,0.219268798828125,325.6328309876769,325.9064969493046,,325.6328309876769,325.6328309876769,81.0,81.0,1.0,1.0,0.0,0.0,0.0,0,0.0,-0.2736659616276711,0.0,-0.2736659616276711
superconductivity,3000,503,ungated-T2,complete,6,7763,0.08731458242982626,0.2242431640625,325.6328309876769,325.9064969493046,,325.6328309876769,325.6328309876769,81.0,81.0,1.0,1.0,0.0,0.0,0.0,0,0.0,-0.2736659616276711,0.0,-0.2736659616276711
superconductivity,3000,504,gated-T1,complete,6,3969,0.0923263756558299,0.2165069580078125,326.2701228051517,326.9678349619655,,326.2701228051517,326.2701228051517,81.0,81.0,1.0,1.0,0.0,0.0,0.0,0,0.0,-0.6977121568137932,0.0,-0.6977121568137932
superconductivity,3000,504,gated-T2,complete,6,7845,0.08661470841616392,0.217010498046875,326.2701228051517,326.9678349619655,,326.2701228051517,326.2701228051517,81.0,81.0,1.0,1.0,0.0,0.0,0.0,0,0.0,-0.6977121568137932,0.0,-0.6977121568137932
superconductivity,3000,504,ungated-T1,complete,6,3931,0.08904237486422062,0.2165069580078125,326.2701228051517,326.9678349619655,,326.2701228051517,326.2701228051517,81.0,81.0,1.0,1.0,0.0,0.0,0.0,0,0.0,-0.6977121568137932,0.0,-0.6977121568137932
superconductivity,3000,504,ungated-T2,complete,6,7763,0.08330087456852198,0.222076416015625,326.2701228051517,326.9678349619655,,326.2701228051517,326.2701228051517,81.0,81.0,1.0,1.0,0.0,0.0,0.0,0,0.0,-0.6977121568137932,0.0,-0.6977121568137932
superconductivity,3000,505,gated-T1,complete,6,3969,0.08435104135423899,0.21502685546875,319.8724129266238,320.220533807987,,319.8724129266238,319.8724129266238,81.0,81.0,1.0,1.0,0.0,0.0,0.0,0,0.0,-0.3481208813632293,0.0,-0.3481208813632293
superconductivity,3000,505,gated-T2,complete,6,7845,0.08355108369141817,0.21502685546875,319.8724129266238,320.220533807987,,319.8724129266238,319.8724129266238,81.0,81.0,1.0,1.0,0.0,0.0,0.0,0,0.0,-0.3481208813632293,0.0,-0.3481208813632293
superconductivity,3000,505,ungated-T1,complete,6,3932,0.08235816564410925,0.21502685546875,319.8724129266238,320.220533807987,,319.8724129266238,319.8724129266238,81.0,81.0,1.0,1.0,0.0,0.0,0.0,0,0.0,-0.3481208813632293,0.0,-0.3481208813632293
superconductivity,3000,505,ungated-T2,complete,6,7767,0.08709387481212616,0.21502685546875,319.8724129266238,320.220533807987,,319.8724129266238,319.8724129266238,81.0,81.0,1.0,1.0,0.0,0.0,0.0,0,0.0,-0.3481208813632293,0.0,-0.3481208813632293
superconductivity,5000,501,gated-T1,complete,6,3969,0.1455210829153657,0.2432403564453125,316.03459800679326,316.18947234045936,,316.03459800679326,316.03459800679326,81.0,81.0,1.0,1.0,0.0,0.0,0.0,0,0.0,-0.15487433366610048,0.0,-0.15487433366610048
superconductivity,5000,501,gated-T2,complete,6,7842,0.15731483325362206,0.2678070068359375,316.03459800679326,316.18947234045936,,316.03459800679326,316.03459800679326,81.0,81.0,1.0,1.0,0.0,0.0,0.0,0,0.0,-0.15487433366610048,0.0,-0.15487433366610048
superconductivity,5000,501,ungated-T1,complete,6,3928,0.14475412480533123,0.2597198486328125,316.03459800679326,316.18947234045936,,316.03459800679326,316.03459800679326,81.0,81.0,1.0,1.0,0.0,0.0,0.0,0,0.0,-0.15487433366610048,0.0,-0.15487433366610048
superconductivity,5000,501,ungated-T2,complete,6,7758,0.14819545857608318,0.271881103515625,316.03459800679326,316.18947234045936,,316.03459800679326,316.03459800679326,81.0,81.0,1.0,1.0,0.0,0.0,0.0,0,0.0,-0.15487433366610048,0.0,-0.15487433366610048
superconductivity,5000,502,gated-T1,complete,6,3969,0.14317570813000202,0.219207763671875,322.8738067707549,322.7250015216161,,322.8738067707549,322.8738067707549,81.0,81.0,1.0,1.0,0.0,0.0,0.0,0,0.0,0.14880524913883164,0.0,0.14880524913883164
superconductivity,5000,502,gated-T2,complete,6,7845,0.1386597091332078,0.2344970703125,322.8738067707549,322.7250015216161,,322.8738067707549,322.8738067707549,81.0,81.0,1.0,1.0,0.0,0.0,0.0,0,0.0,0.14880524913883164,0.0,0.14880524913883164
superconductivity,5000,502,ungated-T1,complete,6,3930,0.14932229183614254,0.2239532470703125,322.8738067707549,322.7250015216161,,322.8738067707549,322.8738067707549,81.0,81.0,1.0,1.0,0.0,0.0,0.0,0,0.0,0.14880524913883164,0.0,0.14880524913883164
superconductivity,5000,502,ungated-T2,complete,6,7761,0.1434262916445732,0.2399139404296875,322.8738067707549,322.7250015216161,,322.8738067707549,322.8738067707549,81.0,81.0,1.0,1.0,0.0,0.0,0.0,0,0.0,0.14880524913883164,0.0,0.14880524913883164
superconductivity,5000,503,gated-T1,complete,6,3969,0.1459994576871395,0.234283447265625,320.41955268609894,320.5505108529505,,320.41955268609894,320.41955268609894,81.0,81.0,1.0,1.0,0.0,0.0,0.0,0,0.0,-0.13095816685154205,0.0,-0.13095816685154205
superconductivity,5000,503,gated-T2,complete,6,7845,0.1398689579218626,0.2505340576171875,320.41955268609894,320.5505108529505,,320.41955268609894,320.41955268609894,81.0,81.0,1.0,1.0,0.0,0.0,0.0,0,0.0,-0.13095816685154205,0.0,-0.13095816685154205
superconductivity,5000,503,ungated-T1,complete,6,3932,0.14235095959156752,0.2484893798828125,320.41955268609894,320.5505108529505,,320.41955268609894,320.41955268609894,81.0,81.0,1.0,1.0,0.0,0.0,0.0,0,0.0,-0.13095816685154205,0.0,-0.13095816685154205
superconductivity,5000,503,ungated-T2,complete,6,7763,0.14413729216903448,0.2566375732421875,320.41955268609894,320.5505108529505,,320.41955268609894,320.41955268609894,81.0,81.0,1.0,1.0,0.0,0.0,0.0,0,0.0,-0.13095816685154205,0.0,-0.13095816685154205
superconductivity,5000,504,gated-T1,complete,6,3969,0.14125491678714752,0.2216644287109375,320.05227614735094,320.07220995482135,,320.05227614735094,320.05227614735094,81.0,81.0,1.0,1.0,0.0,0.0,0.0,0,0.0,-0.019933807470408738,0.0,-0.019933807470408738
superconductivity,5000,504,gated-T2,complete,6,7845,0.14385475032031536,0.23309326171875,320.05227614735094,320.07220995482135,,320.05227614735094,320.05227614735094,81.0,81.0,1.0,1.0,0.0,0.0,0.0,0,0.0,-0.019933807470408738,0.0,-0.019933807470408738
superconductivity,5000,504,ungated-T1,complete,6,3931,0.14258912485092878,0.2257232666015625,320.05227614735094,320.07220995482135,,320.05227614735094,320.05227614735094,81.0,81.0,1.0,1.0,0.0,0.0,0.0,0,0.0,-0.019933807470408738,0.0,-0.019933807470408738
superconductivity,5000,504,ungated-T2,complete,6,7763,0.14643812458962202,0.2361907958984375,320.05227614735094,320.07220995482135,,320.05227614735094,320.05227614735094,81.0,81.0,1.0,1.0,0.0,0.0,0.0,0,0.0,-0.019933807470408738,0.0,-0.019933807470408738
superconductivity,5000,505,gated-T1,complete,6,3969,0.14508666563779116,0.2303009033203125,315.9700575098823,316.05285750787306,,315.9700575098823,315.9700575098823,81.0,81.0,1.0,1.0,0.0,0.0,0.0,0,0.0,-0.08279999799077586,0.0,-0.08279999799077586
superconductivity,5000,505,gated-T2,complete,6,7845,0.13784891739487648,0.2344207763671875,315.9700575098823,316.05285750787306,,315.9700575098823,315.9700575098823,81.0,81.0,1.0,1.0,0.0,0.0,0.0,0,0.0,-0.08279999799077586,0.0,-0.08279999799077586
superconductivity,5000,505,ungated-T1,complete,6,3932,0.14593899995088577,0.2303924560546875,315.9700575098823,316.05285750787306,,315.9700575098823,315.9700575098823,81.0,81.0,1.0,1.0,0.0,0.0,0.0,0,0.0,-0.08279999799077586,0.0,-0.08279999799077586
superconductivity,5000,505,ungated-T2,complete,6,7767,0.13803908322006464,0.2364349365234375,315.9700575098823,316.05285750787306,,315.9700575098823,315.9700575098823,81.0,81.0,1.0,1.0,0.0,0.0,0.0,0,0.0,-0.08279999799077586,0.0,-0.08279999799077586
miniboone,3000,501,gated-T1,complete,6,2481,0.09066154155880213,0.19091796875,0.23869276653559054,0.23962703552540857,,0.26056739373574017,0.23869276653559054,21.333333333333332,50.0,0.29914529914529914,1.0,-0.021874627200149627,28.666666666666668,0.7008547008547008,3,0.021874627200149627,0.020940358210331605,0.0,-0.0009342689898180212
miniboone,3000,501,gated-T2,complete,6,4867,0.10483441594988108,0.19586181640625,0.23869276653559054,0.23962703552540857,,0.24878225800690448,0.23869276653559054,32.0,50.0,0.5609756097560976,1.0,-0.010089491471313938,18.0,0.4390243902439024,3,0.010089491471313938,0.009155222481495917,0.0,-0.0009342689898180212
miniboone,3000,501,ungated-T1,complete,6,2442,0.07136562559753656,0.1942138671875,0.23869276653559054,0.23962703552540857,,0.24888504231138273,0.24642369442532522,26.666666666666668,32.0,0.488999888999889,0.6273504273504273,-0.0024613478860575078,5.333333333333332,0.13835053835053834,1,0.010192275775792181,0.00925800678597416,0.007730927889734673,0.006796658899916652
miniboone,3000,501,ungated-T2,complete,6,4782,0.08632616605609655,0.1966552734375,0.23869276653559054,0.23962703552540857,,0.24577031696017868,0.24027785606977878,26.666666666666668,44.0,0.5177530471648119,0.7600000000000001,-0.005492460890399897,17.333333333333332,0.24224695283518827,2,0.0070775504245881304,0.006143281434770109,0.0015850895341882332,0.000650820544370212
miniboone,3000,502,gated-T1,complete,6,2481,0.0732582500204444,0.1887969970703125,0.2485277522651054,0.24746706776020658,,0.26520378114540727,0.2525127537023357,21.333333333333332,38.0,0.28136752136752136,0.613658536585366,-0.012691027443071545,16.666666666666668,0.3322910152178446,3,0.01667602888030187,0.017736713385200692,0.003985001437230323,0.005045685942129147
miniboone,3000,502,gated-T2,complete,6,4869,0.06948183290660381,0.1950225830078125,0.2485277522651054,0.24746706776020658,,0.26984020905677303,0.25020729431892136,18.666666666666668,38.0,0.2698412698412698,0.5894573643410853,-0.01963291473785167,19.333333333333332,0.3196160944998155,2,0.021312456791667628,0.02237314129656645,0.0016795420538159578,0.002740226558714781
miniboone,3000,502,ungated-T1,complete,6,2441,0.06343454122543335,0.1919097900390625,0.2485277522651054,0.24746706776020658,,0.2606088884908215,0.2518437519245271,21.333333333333332,32.0,0.3333333333333333,0.5497825675931178,-0.008765136566294351,10.666666666666668,0.21644923425978452,2,0.012081136225716077,0.0131418207306149,0.0033159996594217256,0.004376684164320549
miniboone,3000,502,ungated-T2,complete,6,4779,0.06909070815891027,0.1975860595703125,0.2485277522651054,0.24746706776020658,,0.2616408532032104,0.251279984525347,13.333333333333334,38.0,0.3526570048309179,0.613658536585366,-0.0103608686778634,24.666666666666664,0.26100153175444807,3,0.013113100938104999,0.014173785443003822,0.0027522322602415994,0.0038129167651404228
miniboone,3000,503,gated-T1,complete,6,2481,0.09454162511974573,0.2081451416015625,0.24206216405239137,0.2425082709036667,,0.24901405164530863,0.24475334384994551,32.0,44.0,0.4689418040425464,0.7600000000000001,-0.004260707795363111,12.0,0.29105819595745375,2,0.006951887592917261,0.006505780741641931,0.0026911797975541496,0.00224507294627882
miniboone,3000,503,gated-T2,complete,6,4868,0.09353145863860846,0.2081451416015625,0.24206216405239137,0.2425082709036667,,0.25666429336975344,0.24206216405239137,26.666666666666668,50.0,0.40990049282732216,1.0,-0.014602129317362073,23.333333333333332,0.5900995071726778,3,0.014602129317362073,0.014156022466086743,0.0,-0.0004461068512753297
miniboone,3000,503,ungated-T1,complete,6,2443,0.10986445937305689,0.2081451416015625,0.24206216405239137,0.2425082709036667,,0.24284832946520163,0.24206216405239137,38.0,50.0,0.5894573643410853,1.0,-0.0007861654128102635,12.0,0.4105426356589147,2,0.0007861654128102635,0.00034005856153493386,0.0,-0.0004461068512753297
miniboone,3000,503,ungated-T2,complete,6,4788,0.0945883747190237,0.2081451416015625,0.24206216405239137,0.2425082709036667,,0.25539821996313433,0.24206216405239137,21.333333333333332,50.0,0.39725490196078433,1.0,-0.013336055910742967,28.666666666666668,0.6027450980392157,3,0.013336055910742967,0.012889949059467637,0.0,-0.0004461068512753297
miniboone,3000,504,gated-T1,complete,6,2481,0.1017142916098237,0.1865386962890625,0.24112907655179297,0.24417232101636985,,0.2404379777892387,0.2402098222449863,38.0,44.0,0.6547368421052632,0.7600000000000001,-0.0002281555442524008,6.0,0.10526315789473695,1,-0.0006910987625542708,-0.0037343432271311483,-0.0009192543068066716,-0.003962498771383549
miniboone,3000,504,gated-T2,complete,6,4869,0.08258466701954603,0.1865386962890625,0.24112907655179297,0.24417232101636985,,0.2501992594545535,0.24262758817721974,27.333333333333332,38.0,0.3066666666666667,0.6266666666666666,-0.007571671277333769,10.666666666666668,0.3199999999999999,2,0.009070182902760543,0.0060269384381836655,0.0014985116254267739,-0.0015447328391501036
miniboone,3000,504,ungated-T1,complete,6,2442,0.10301162488758564,0.1865386962890625,0.24112907655179297,0.24417232101636985,,0.24401937223149314,0.24112907655179297,32.666666666666664,50.0,0.4572549019607843,1.0,-0.002890295679700172,17.333333333333336,0.5427450980392157,2,0.002890295679700172,-0.00015294878487670527,0.0,-0.0030432444645768775
miniboone,3000,504,ungated-T2,complete,6,4788,0.09519283380359411,0.1865386962890625,0.24112907655179297,0.24417232101636985,,0.24402056894830368,0.24237540809111327,32.666666666666664,44.0,0.4572549019607843,0.7600000000000001,-0.0016451608571904086,11.333333333333336,0.30274509803921584,1,0.0028914923965107087,-0.0001517520680661688,0.0012463315393203,-0.0017969129252565774
miniboone,3000,505,gated-T1,complete,6,2481,0.08478433452546597,0.19232177734375,0.2510154172183853,0.25200464009341644,,0.2584771169815147,0.2514856746891579,26.666666666666668,44.0,0.36098889587261684,0.7600000000000001,-0.00699144229235682,17.333333333333332,0.3990111041273833,3,0.007461699763129437,0.006472476888098266,0.00047025747077261704,-0.0005189654042585534
miniboone,3000,505,gated-T2,complete,6,4868,0.08538237493485212,0.19232177734375,0.2510154172183853,0.25200464009341644,,0.258619756482053,0.2567383827989333,26.666666666666668,44.0,0.3614215719478877,0.7600000000000001,-0.0018813736831196914,17.333333333333332,0.3985784280521124,3,0.007604339263667714,0.006615116388636544,0.005722965580548023,0.004733742705516852
miniboone,3000,505,ungated-T1,complete,6,2443,0.08009187504649162,0.19232177734375,0.2510154172183853,0.25200464009341644,,0.2618237024095237,0.25211018223328724,21.333333333333332,44.0,0.4260249554367201,0.7600000000000001,-0.009713520176236445,22.666666666666668,0.33397504456328003,3,0.010808285191138411,0.009819062316107241,0.001094765014901966,0.00010554213987079564
miniboone,3000,505,ungated-T2,complete,6,4781,0.07454212475568056,0.19232177734375,0.2510154172183853,0.25200464009341644,,0.2591655151253499,0.25161655986678894,21.333333333333332,38.0,0.41257957728545963,0.6266666666666666,-0.007548955258560974,16.666666666666668,0.21408708938120696,2,0.008150097906964637,0.007160875031933467,0.000601142648403663,-0.0003880802266275074
miniboone,5000,501,gated-T1,complete,6,2481,0.18758124951273203,0.210296630859375,0.23541224866577284,0.238584354496166,,0.23639903054451974,0.23541224866577284,44.0,50.0,0.7600000000000001,1.0,-0.0009867818787469007,6.0,0.23999999999999988,1,0.0009867818787469007,-0.002185323951646251,0.0,-0.0031721058303931515
miniboone,5000,501,gated-T2,complete,6,4867,0.1857670834288001,0.210296630859375,0.23541224866577284,0.238584354496166,,0.23537856790677222,0.23541224866577284,44.0,50.0,0.7600000000000001,1.0,3.368075900062051e-05,6.0,0.23999999999999988,1,-3.368075900062051e-05,-0.003205786589393772,0.0,-0.0031721058303931515
miniboone,5000,501,ungated-T1,complete,6,2442,0.17172716557979584,0.210296630859375,0.23541224866577284,0.238584354496166,,0.23822470071059723,0.23541224866577284,38.0,50.0,0.6266666666666666,1.0,-0.0028124520448243873,12.0,0.3733333333333334,2,0.0028124520448243873,-0.00035965378556876426,0.0,-0.0031721058303931515
miniboone,5000,501,ungated-T2,complete,6,4782,0.18980383314192295,0.210296630859375,0.23541224866577284,0.238584354496166,,0.23680593572226968,0.23541224866577284,44.0,50.0,0.7600000000000001,1.0,-0.0013936870564968395,6.0,0.23999999999999988,1,0.0013936870564968395,-0.001778418773896312,0.0,-0.0031721058303931515
miniboone,5000,502,gated-T1,complete,6,2481,0.1493784161284566,0.20147705078125,0.2477160593752956,0.24789715357610187,,0.2541538391165079,0.2528226231821948,32.666666666666664,44.0,0.4438095238095238,0.7600000000000001,-0.0013312159343131236,11.333333333333336,0.3161904761904763,2,0.006437779741212318,0.006256685540406037,0.005106563806899195,0.004925469606092914
miniboone,5000,502,gated-T2,complete,6,4869,0.15044729225337505,0.2139739990234375,0.2477160593752956,0.24789715357610187,,0.25675261130771554,0.2477160593752956,26.666666666666668,50.0,0.4483660130718954,1.0,-0.00903655193241995,23.333333333333332,0.5516339869281046,3,0.00903655193241995,0.00885545773161367,0.0,-0.00018109420080628102
miniboone,5000,502,ungated-T1,complete,6,2441,0.1483410419896245,0.20941162109375,0.2477160593752956,0.24789715357610187,,0.25730525734608606,0.2477160593752956,26.666666666666668,50.0,0.41021021021021026,1.0,-0.00958919797079047,23.333333333333332,0.5897897897897897,3,0.00958919797079047,0.009408103769984189,0.0,-0.00018109420080628102
miniboone,5000,502,ungated-T2,complete,6,4779,0.12965845875442028,0.214202880859375,0.2477160593752956,0.24789715357610187,,0.2554675595320354,0.25391402446266703,26.666666666666668,38.666666666666664,0.5024452671511495,0.5466666666666667,-0.0015535350693683947,11.999999999999996,0.04422139951551729,2,0.007751500156739838,0.007570405955933557,0.006197965087371443,0.006016870886565162
miniboone,5000,503,gated-T1,complete,6,2481,0.1812481665983796,0.190887451171875,0.23749033338999725,0.24004208392913026,,0.23927684899074034,0.23749033338999725,38.0,50.0,0.5894573643410853,1.0,-0.0017865156007430827,12.0,0.4105426356589147,2,0.0017865156007430827,-0.0007652349383899248,0.0,-0.0025517505391330075
miniboone,5000,503,gated-T2,complete,6,4868,0.20224391762167215,0.190887451171875,0.23749033338999725,0.24004208392913026,,0.238327070125789,0.23749033338999725,44.0,50.0,0.7600000000000001,1.0,-0.0008367367357917377,6.0,0.23999999999999988,1,0.0008367367357917377,-0.0017150138033412698,0.0,-0.0025517505391330075
miniboone,5000,503,ungated-T1,complete,6,2443,0.19988516718149185,0.190887451171875,0.23749033338999725,0.24004208392913026,,0.23775285238888813,0.23749033338999725,44.0,50.0,0.7600000000000001,1.0,-0.00026251899889087604,6.0,0.23999999999999988,1,0.00026251899889087604,-0.0022892315402421315,0.0,-0.0025517505391330075
miniboone,5000,503,ungated-T2,complete,6,4788,0.21669504139572382,0.190887451171875,0.23749033338999725,0.24004208392913026,,0.24100028983553476,0.23749033338999725,38.0,50.0,0.6266666666666666,1.0,-0.0035099564455375043,12.0,0.3733333333333334,2,0.0035099564455375043,0.0009582059064044968,0.0,-0.0025517505391330075
miniboone,5000,504,gated-T1,complete,6,2481,0.18209116719663143,0.2047576904296875,0.23057056712755575,0.23057056712755575,,0.23765584933279757,0.23057056712755575,38.0,50.0,0.5894573643410853,1.0,-0.007085282205241822,12.0,0.4105426356589147,2,0.007085282205241822,0.007085282205241822,0.0,0.0
miniboone,5000,504,gated-T2,complete,6,4869,0.15394604112952948,0.2047576904296875,0.23057056712755575,0.23057056712755575,,0.23627535844864692,0.2300182842903932,32.0,44.0,0.5397935397935398,0.7600000000000001,-0.006257074158253717,12.0,0.22020646020646029,2,0.005704791321091168,0.005704791321091168,-0.0005522828371625488,-0.0005522828371625488
miniboone,5000,504,ungated-T1,complete,6,2442,0.1701602917164564,0.2047576904296875,0.23057056712755575,0.23057056712755575,,0.23420978080085955,0.23057056712755575,32.0,50.0,0.5544159544159544,1.0,-0.003639213673303804,18.0,0.44558404558404563,3,0.003639213673303804,0.003639213673303804,0.0,0.0
miniboone,5000,504,ungated-T2,complete,6,4788,0.18058691639453173,0.2047576904296875,0.23057056712755575,0.23057056712755575,,0.23427794353946832,0.23057056712755575,38.0,50.0,0.6403418803418804,1.0,-0.003707376411912572,12.0,0.35965811965811956,2,0.003707376411912572,0.003707376411912572,0.0,0.0
miniboone,5000,505,gated-T1,complete,6,2481,0.16816629189997911,0.208038330078125,0.2343367931896202,0.2350350186451724,,0.23594617260433914,0.2350392022705288,38.0,44.0,0.6012698412698413,0.7600000000000001,-0.0009069703338103474,6.0,0.15873015873015883,1,0.0016093794147189477,0.0009111539591667439,0.0007024090809086003,4.183625356396492e-06
miniboone,5000,505,gated-T2,complete,6,4868,0.17062162421643734,0.209136962890625,0.2343367931896202,0.2350350186451724,,0.2376210068866288,0.2343367931896202,32.0,50.0,0.5243857421962924,1.0,-0.0032842136970085978,18.0,0.4756142578037076,3,0.0032842136970085978,0.002585988241456394,0.0,-0.0006982254555522038
miniboone,5000,505,ungated-T1,complete,6,2443,0.21078416611999273,0.209136962890625,0.2343367931896202,0.2350350186451724,,0.24613589015388926,0.2343367931896202,26.666666666666668,50.0,0.48877005347593583,1.0,-0.011799096964269062,23.333333333333332,0.5112299465240642,3,0.011799096964269062,0.011100871508716859,0.0,-0.0006982254555522038
miniboone,5000,505,ungated-T2,complete,6,4781,0.16737679205834866,0.209136962890625,0.2343367931896202,0.2350350186451724,,0.2369351281004092,0.2343367931896202,32.0,50.0,0.6178464178464179,1.0,-0.0025983349107890075,18.0,0.3821535821535821,3,0.0025983349107890075,0.0019001094552368036,0.0,-0.0006982254555522038
yearpredictionmsd,3000,501,gated-T1,complete,6,4401,0.06123791728168726,0.1474456787109375,94.90226303609143,94.58915180874415,,103.20338877656938,97.90931901512072,21.333333333333332,70.66666666666667,0.23076923076923075,0.5703703703703704,-5.294069761448668,49.33333333333334,0.3396011396011397,3,8.301125740477957,8.614236967825235,3.007055979029289,3.320167206376567
yearpredictionmsd,3000,501,gated-T2,complete,6,8707,0.05173045862466097,0.1575164794921875,94.90226303609143,94.58915180874415,,102.20902111175565,96.81713742029365,16.0,51.333333333333336,0.24839506172839507,0.3576044129235619,-5.391883691461999,35.333333333333336,0.10920935119516681,3,7.30675807566422,7.619869303011498,1.9148743842022213,2.2279856115494994
yearpredictionmsd,3000,501,ungated-T1,complete,6,4362,0.060336584225296974,0.1561737060546875,94.90226303609143,94.58915180874415,,99.83556181939049,95.00671973224972,21.333333333333332,70.66666666666667,0.26246099579432913,0.5703703703703704,-4.828842087140771,49.33333333333334,0.3079093745760413,3,4.933298783299065,5.246410010646343,0.10445669615829445,0.4175679235055725
yearpredictionmsd,3000,501,ungated-T2,complete,6,8627,0.06144824996590614,0.159881591796875,94.90226303609143,94.58915180874415,,98.03786115583334,95.2901166607221,32.0,70.66666666666667,0.3818754925137904,0.5703703703703704,-2.7477444951112346,38.66666666666667,0.18849487785658003,2,3.135598119741914,3.448709347089192,0.3878536246306794,0.7009648519779574
yearpredictionmsd,3000,502,gated-T1,complete,6,4401,0.055629915557801723,0.15283203125,96.82000955473977,95.63446215070213,,99.29150189704683,96.94840039652239,8.0,70.66666666666667,0.26495726495726496,0.5703703703703704,-2.3431015005244404,62.66666666666667,0.30541310541310546,3,2.4714923423070587,3.6570397463446938,0.12839084178261828,1.3139382458202533
yearpredictionmsd,3000,502,gated-T2,complete,6,8709,0.0292374175041914,0.1572723388671875,96.82000955473977,95.63446215070213,,100.94016919834475,96.15758616968917,6.666666666666667,26.666666666666668,0.3547008547008547,0.365714940947139,-4.78258302865558,20.0,0.011014086246284305,3,4.120159643604978,5.305707047642613,-0.6624233850506016,0.5231240189870334
yearpredictionmsd,3000,502,ungated-T1,complete,6,4361,0.03475537430495024,0.1572723388671875,96.82000955473977,95.63446215070213,,99.72342162708765,96.37811720145908,6.666666666666667,40.666666666666664,0.3737373737373737,0.2931216931216931,-3.3453044256285693,34.0,-0.08061568061568058,3,2.9034120723478765,4.0889594763855115,-0.4418923532806929,0.7436550507569422
yearpredictionmsd,3000,502,ungated-T2,complete,6,8626,0.04019233305007219,0.1587371826171875,96.82000955473977,95.63446215070213,,100.88529961406704,95.53862578842114,6.666666666666667,51.333333333333336,0.29914529914529914,0.37777777777777777,-5.346673825645894,44.66666666666667,0.07863247863247863,3,4.065290059327268,5.250837463364903,-1.2813837663186263,-0.09583636228099124
yearpredictionmsd,3000,503,gated-T1,complete,6,4401,0.0410840418189764,0.1432647705078125,98.4408777253379,97.61204752315962,,103.9011138853976,100.28393916916464,13.333333333333334,32.0,0.21226142278773855,0.2716339869281046,-3.6171747162329666,18.666666666666664,0.05937256414036604,3,5.460236160059708,6.289066362237989,1.8430614438267412,2.6718916460050224
yearpredictionmsd,3000,503,gated-T2,complete,6,8709,0.035920167341828346,0.1463165283203125,98.4408777253379,97.61204752315962,,102.53607224415045,98.77822519442277,10.666666666666666,32.0,0.24644945697577278,0.36334893295379617,-3.7578470497276726,21.333333333333336,0.11689947597802339,3,4.095194518812548,4.924024720990829,0.33734746908487523,1.1661776712631564
yearpredictionmsd,3000,503,ungated-T1,complete,6,4365,0.04181495774537325,0.1439666748046875,98.4408777253379,97.61204752315962,,99.88443606935164,98.64167730789814,10.666666666666666,32.0,0.399881164587047,0.3431755680995803,-1.2427587614535014,21.333333333333336,-0.0567055964874667,3,1.4435583440137378,2.272388546192019,0.20079958256023644,1.0296297847385176
yearpredictionmsd,3000,503,ungated-T2,complete,6,8635,0.03356995899230242,0.146575927734375,98.4408777253379,97.61204752315962,,103.10474210922668,98.64430932528865,10.666666666666666,32.0,0.3503455608718766,0.2887074829931973,-4.460432783938032,21.333333333333336,-0.06163807787867931,3,4.663864383888779,5.49269458606706,0.203431599950747,1.0322618021290282
yearpredictionmsd,3000,504,gated-T1,complete,6,4401,0.046406207606196404,0.143280029296875,100.46280279239669,100.04026442977666,,100.29298325581952,99.61477979635997,16.0,46.0,0.22045855379188714,0.26549707602339184,-0.678203459459553,30.0,0.0450385222315047,2,-0.1698195365771653,0.2527188260428659,-0.8480229960367183,-0.4254846334166871
yearpredictionmsd,3000,504,gated-T2,complete,6,8709,0.03785749990493059,0.158233642578125,100.46280279239669,100.04026442977666,,103.488251791023,100.03475509264985,12.0,40.666666666666664,0.21907993966817496,0.19544159544159545,-3.453496698373158,28.666666666666664,-0.02363834422657951,2,3.0254489986263167,3.447987361246348,-0.4280476997468412,-0.00550933712681001
yearpredictionmsd,3000,504,ungated-T1,complete,6,4364,0.05423337500542402,0.1541595458984375,100.46280279239669,100.04026442977666,,101.00514745660331,99.75895742708592,10.666666666666666,70.66666666666667,0.26549707602339184,0.5703703703703704,-1.2461900295173933,60.00000000000001,0.3048732943469786,3,0.5423446642066239,0.964883026826655,-0.7038453653107695,-0.2813070026907383
yearpredictionmsd,3000,504,ungated-T2,complete,6,8621,0.04812762513756752,0.163604736328125,100.46280279239669,100.04026442977666,,103.6571149866475,99.7362282368706,6.666666666666667,70.66666666666667,0.48484848484848486,0.5703703703703704,-3.9208867497768978,64.0,0.08552188552188555,3,3.194312194250813,3.616850556870844,-0.726574555526085,-0.30403619290605377
yearpredictionmsd,3000,505,gated-T1,complete,6,4401,0.04666370805352926,0.1436309814453125,111.09089922457893,110.45249714967935,,118.70955172679437,113.02243116629315,16.0,51.333333333333336,0.11168311168311168,0.3303703703703704,-5.687120560501228,35.333333333333336,0.21868725868725875,3,7.61865250221544,8.257054577115028,1.931531941714212,2.5699340166138
yearpredictionmsd,3000,505,gated-T2,complete,6,8709,0.033272541128098965,0.149078369140625,111.09089922457893,110.45249714967935,,116.51368439449716,112.68820016371755,9.333333333333334,32.0,0.23660130718954245,0.2803414699213019,-3.825484230779608,22.666666666666664,0.04374016273175943,3,5.422785169918228,6.061187244817816,1.59730093913862,2.235703014038208
yearpredictionmsd,3000,505,ungated-T1,complete,6,4361,0.04468558356165886,0.149017333984375,111.09089922457893,110.45249714967935,,115.29654685066355,110.71429676624774,14.666666666666666,51.333333333333336,0.18903318903318903,0.322004357298475,-4.582250084415804,36.66666666666667,0.13297116826528596,2,4.2056476260846125,4.8440497009842005,-0.37660245833119177,0.26179961656839623
yearpredictionmsd,3000,505,ungated-T2,complete,6,8629,0.046214417554438114,0.1504364013671875,111.09089922457893,110.45249714967935,,114.10251144690507,110.10521971446947,16.0,51.333333333333336,0.18336565395388926,0.37777777777777777,-3.997291732435599,35.333333333333336,0.1944121238238885,2,3.0116122223261357,3.6500142972257237,-0.9856795101094633,-0.3472774352098753
yearpredictionmsd,5000,501,gated-T1,complete,6,4401,0.14991866704076529,0.1455230712890625,91.03026448114183,90.93446983662368,,91.76482133792166,91.03026448114183,65.33333333333333,90.0,0.4518518518518519,1.0,-0.7345568567798324,24.66666666666667,0.548148148148148,1,0.7345568567798324,0.830351501297983,0.0,0.09579464451815056
yearpredictionmsd,5000,501,gated-T2,complete,6,8707,0.10932454187422991,0.1630096435546875,91.03026448114183,90.93446983662368,,96.48174380155156,91.03026448114183,21.333333333333332,90.0,0.27402452619843926,1.0,-5.451479320409732,68.66666666666667,0.7259754738015607,3,5.451479320409732,5.547273964927882,0.0,0.09579464451815056
yearpredictionmsd,5000,501,ungated-T1,complete,6,4362,0.10869383346289396,0.1539154052734375,91.03026448114183,90.93446983662368,,94.93268181450986,91.03026448114183,18.666666666666668,90.0,0.2730015082956259,1.0,-3.902417333368035,71.33333333333333,0.7269984917043741,3,3.902417333368035,3.9982119778861858,0.0,0.09579464451815056
yearpredictionmsd,5000,501,ungated-T2,complete,6,8627,0.12409633304923773,0.165313720703125,91.03026448114183,90.93446983662368,,95.31100416642452,91.03026448114183,35.333333333333336,90.0,0.17037037037037037,1.0,-4.280739685282697,54.666666666666664,0.8296296296296296,2,4.280739685282697,4.3765343298008474,0.0,0.09579464451815056
yearpredictionmsd,5000,502,gated-T1,complete,6,4401,0.1511155003681779,0.1803741455078125,97.82657405631738,97.92248591086779,,99.65053677678499,97.82657405631738,65.33333333333333,90.0,0.4518518518518519,1.0,-1.8239627204676054,24.66666666666667,0.548148148148148,1,1.8239627204676054,1.7280508659171971,0.0,-0.0959118545504083
yearpredictionmsd,5000,502,gated-T2,complete,6,8709,0.11181408353149891,0.2018890380859375,97.82657405631738,97.92248591086779,,102.51002836269755,97.82657405631738,26.666666666666668,90.0,0.26495726495726496,1.0,-4.68345430638017,63.33333333333333,0.7350427350427351,3,4.68345430638017,4.587542451829762,0.0,-0.0959118545504083
yearpredictionmsd,5000,502,ungated-T1,complete,6,4361,0.11770645901560783,0.199462890625,97.82657405631738,97.92248591086779,,100.71143181523702,97.82657405631738,26.666666666666668,90.0,0.31621879521039187,1.0,-2.8848577589196367,63.33333333333333,0.6837812047896081,3,2.8848577589196367,2.7889459043692284,0.0,-0.0959118545504083
yearpredictionmsd,5000,502,ungated-T2,complete,6,8626,0.1288562910631299,0.2155914306640625,97.82657405631738,97.92248591086779,,99.56733309925748,97.82657405631738,46.0,90.0,0.3150326797385621,1.0,-1.7407590429400983,44.0,0.6849673202614379,2,1.7407590429400983,1.64484718838969,0.0,-0.0959118545504083
yearpredictionmsd,5000,503,gated-T1,complete,6,4401,0.1498192921280861,0.18060302734375,92.79538552747954,93.1785707717695,,95.51658914998849,92.79538552747954,70.66666666666667,90.0,0.5703703703703704,1.0,-2.721203622508952,19.33333333333333,0.4296296296296296,1,2.721203622508952,2.3380183782189903,0.0,-0.3831852442899617
yearpredictionmsd,5000,503,gated-T2,complete,6,8709,0.1329372078180313,0.1972198486328125,92.79538552747954,93.1785707717695,,95.99786915123775,92.79538552747954,51.333333333333336,90.0,0.3303703703703704,1.0,-3.202483623758212,38.666666666666664,0.6696296296296296,2,3.202483623758212,2.8192983794682505,0.0,-0.3831852442899617
yearpredictionmsd,5000,503,ungated-T1,complete,6,4365,0.09923866577446461,0.1889495849609375,92.79538552747954,93.1785707717695,,95.57231236491428,93.61394291390747,32.0,70.66666666666667,0.3621132696063316,0.5703703703703704,-1.958369451006817,38.66666666666667,0.2082571007640388,2,2.7769268374347433,2.3937415931447816,0.8185573864279263,0.4353721421379646
yearpredictionmsd,5000,503,ungated-T2,complete,6,8635,0.09840408246964216,0.2034912109375,92.79538552747954,93.1785707717695,,95.38993420960323,93.46721778655541,32.0,70.66666666666667,0.432996632996633,0.5703703703703704,-1.9227164230478166,38.66666666666667,0.13737373737373743,2,2.594548682123687,2.2113634378337252,0.6718322590758703,0.2886470147859086
yearpredictionmsd,5000,504,gated-T1,complete,6,4401,0.10844845790416002,0.1723785400390625,96.70259667495337,96.04206931203687,,100.32483921367964,96.70259667495337,18.666666666666668,90.0,0.17119628339140536,1.0,-3.622242538726269,71.33333333333333,0.8288037166085946,3,3.622242538726269,4.282769901642766,0.0,0.6605273629164969
yearpredictionmsd,5000,504,gated-T2,complete,6,8709,0.09996004216372967,0.1998138427734375,96.70259667495337,96.04206931203687,,100.70735629355472,96.70259667495337,13.333333333333334,90.0,0.26376811594202904,1.0,-4.004759618601355,76.66666666666667,0.7362318840579709,3,4.004759618601355,4.665286981517852,0.0,0.6605273629164969
yearpredictionmsd,5000,504,ungated-T1,complete,6,4364,0.10121129266917706,0.17938232421875,96.70259667495337,96.04206931203687,,101.17817862359966,96.70259667495337,13.333333333333334,90.0,0.32898913951545533,1.0,-4.475581948646294,76.66666666666667,0.6710108604845446,3,4.475581948646294,5.136109311562791,0.0,0.6605273629164969
yearpredictionmsd,5000,504,ungated-T2,complete,6,8621,0.08250841684639454,0.202117919921875,96.70259667495337,96.04206931203687,,100.90013704389513,96.85067541655934,13.333333333333334,70.66666666666667,0.3503455608718766,0.5703703703703704,-4.049461627335788,57.333333333333336,0.2200248094984938,3,4.197540368941759,4.858067731858256,0.14807874160597123,0.8086061045224682
yearpredictionmsd,5000,505,gated-T1,complete,6,4401,0.11233695782721043,0.167022705078125,91.87577861044231,91.76984129485153,,95.99198709013433,91.87577861044231,21.333333333333332,90.0,0.23565323565323562,1.0,-4.11620847969202,68.66666666666667,0.7643467643467644,3,4.11620847969202,4.222145795282799,0.0,0.10593731559077924
yearpredictionmsd,5000,505,gated-T2,complete,6,8709,0.08690345846116543,0.1873016357421875,91.87577861044231,91.76984129485153,,96.34244095326726,93.44150788867694,16.0,70.66666666666667,0.30657687991021326,0.5703703703703704,-2.900933064590319,54.66666666666667,0.26379349046015715,3,4.466662342824947,4.572599658415726,1.5657292782346275,1.6716665938254067
yearpredictionmsd,5000,505,ungated-T1,complete,6,4361,0.08182570897042751,0.1787109375,91.87577861044231,91.76984129485153,,97.33531497423712,91.70865898592376,10.666666666666666,70.66666666666667,0.30994152046783624,0.5703703703703704,-5.62665598831336,60.00000000000001,0.2604288499025342,3,5.459536363794811,5.56547367938559,-0.16711962451854845,-0.06118230892776921
yearpredictionmsd,5000,505,ungated-T2,complete,6,8629,0.0684197498485446,0.191802978515625,91.87577861044231,91.76984129485153,,97.52152622323199,92.1830436271888,10.666666666666666,51.333333333333336,0.2888888888888889,0.39982773471145566,-5.3384825960431925,40.66666666666667,0.11093884582256675,3,5.645747612789677,5.751684928380456,0.3072650167464843,0.41320233233726356
