n,rho,snr,method,seeds,constraint_passes,loss_failures,size_failures,boundary_ties,folds,mean_outer_loss_n,mean_outer_loss_mean,mean_outer_loss_mcse,mean_outer_loss_low,mean_outer_loss_high,mean_selected_size_n,mean_selected_size_mean,mean_selected_size_mcse,mean_selected_size_low,mean_selected_size_high,class_recall_n,class_recall_mean,class_recall_mcse,class_recall_low,class_recall_high,model_fits_n,model_fits_mean,model_fits_mcse,model_fits_low,model_fits_high,wall_clock_seconds_n,wall_clock_seconds_mean,wall_clock_seconds_mcse,wall_clock_seconds_low,wall_clock_seconds_high,mean_pairwise_jaccard_n,mean_pairwise_jaccard_mean,mean_pairwise_jaccard_mcse,mean_pairwise_jaccard_low,mean_pairwise_jaccard_high
300,0.5,0.25,global-T2,10,6,4,0,1,30,10,5.40641311690947,0.13913601529413938,5.091665583308632,5.721160650510308,10,1.1666666666666665,0.1337954953199144,0.8640002285785885,1.4693331047547447,10,0.3111111111111111,0.039890109682477796,0.22087341376808795,0.4013488084541343,10,1120.4,0.30550504633038933,1119.7088995711729,1121.0911004288273,10,2.0397100000000004,0.005333696862610603,2.0276443394380514,2.0517756605619493,10,0.24666666666666667,0.06743995957997119,0.09410687904401344,0.3992264542893199
300,0.5,0.25,global-T4,10,5,5,0,1,30,10,5.420517502919045,0.14189152261378826,5.09953657869792,5.74149842714017,10,1.2666666666666668,0.13877773329774218,0.9527296232502804,1.5806037100830532,10,0.33333333333333337,0.033126932999996875,0.2583950045658542,0.40827166210081256,10,2174.9,0.9363047936792092,2172.7819314044164,2177.018068595584,10,3.86578,0.026635209779538083,3.805526969414585,3.926033030585415,10,0.3022222222222222,0.09760928242980227,0.08141468481805206,0.5230297596263924
300,0.5,0.25,local-T2,10,6,4,0,0,30,10,5.407099892412736,0.14016270131699043,5.090029833671361,5.724169951154112,10,1.1333333333333333,0.0888888888888889,0.9322526966401595,1.3344139700265072,10,0.30000000000000004,0.03722176155970699,0.215798525475742,0.3842014745242581,10,1120.4,0.30550504633038933,1119.7088995711729,1121.0911004288273,10,2.03047,0.007824932374574654,2.0127687731804444,2.048171226819556,10,0.26666666666666666,0.05543196128553986,0.1412708583966299,0.39206247493670343
300,0.5,0.25,local-T4,10,4,6,0,0,30,10,5.423527521526636,0.14768261179369988,5.089446243436771,5.757608799616501,10,1.1,0.050917507721731536,0.9848165951954522,1.215183404804548,10,0.3111111111111111,0.022222222222222223,0.26084095193781764,0.3613812702844046,10,2174.9,0.9363047936792092,2172.7819314044164,2177.018068595584,10,3.89946,0.02310331481747923,3.8471966709012575,3.9517233290987424,10,0.31666666666666665,0.10076865081787252,0.08871214143350514,0.5446211918998282
300,0.5,0.25,loco-gated-B1,10,4,6,0,2,30,10,5.548012886676274,0.15086799184472638,5.206725778287745,5.889299995064802,10,1.5666666666666669,0.25843785221362237,0.9820396281434371,2.1512937051898966,10,0.2777777777777778,0.055555555555555546,0.1521023798445442,0.40345317571101136,10,591.0,0.0,591.0,591.0,10,1.08363,0.005489526391229015,1.0712118285537116,1.0960481714462886,10,0.1388888888888889,0.05319039487535212,0.01856385612954617,0.25921392164823165
300,0.5,0.25,loco-matched-T2,10,6,4,0,0,30,10,5.429658779407897,0.13576850425064646,5.122529085034898,5.736788473780896,10,1.1,0.07114582486036498,0.9390569626889389,1.2609430373110613,10,0.30000000000000004,0.016972502573910517,0.2616055317318174,0.3383944682681827,10,1140.0,0.0,1140.0,1140.0,10,2.1234200000000003,0.0027451694948683464,2.117209995164089,2.129630004835912,10,0.33333333333333337,1.850371707708594e-17,0.3333333333333333,0.3333333333333334
300,0.5,0.25,loco-matched-T4,10,7,3,0,0,30,10,5.437416203733993,0.1439324020601097,5.111818489454965,5.763013918013021,10,1.5000000000000002,0.21801574300387316,1.0068141253610159,1.9931858746389846,10,0.31111111111111106,0.03228814032252351,0.23807026320708097,0.38415195901514115,10,2238.0,0.0,2238.0,2238.0,10,4.10435,0.031283688508017486,4.033581379962841,4.17511862003716,10,0.3061111111111111,0.08599633928470657,0.1115738762237875,0.5006483459984348
300,0.5,0.25,loco-ungated-B1,10,7,3,0,0,30,10,5.482651108357935,0.1174565324272695,5.216945972210148,5.748356244505722,10,1.1666666666666667,0.08958064164776165,0.9640211765151235,1.3693121568182098,10,0.2666666666666667,0.0377705149155021,0.18122382580798718,0.35210950752534625,10,186.0,0.0,186.0,186.0,10,0.33901000000000003,0.0020019684757202833,0.3344812326729532,0.34353876732704686,10,0.23888888888888887,0.043861923267877814,0.13966632499435383,0.3381114527834239
300,0.5,2.0,global-T2,10,3,7,0,1,30,10,1.1047020537045136,0.024575825206847136,1.0491076746811676,1.1602964327278595,10,2.0,0.23830678432808017,1.4609126008888265,2.5390873991111738,10,0.4444444444444445,0.04057204129667896,0.3526641106158176,0.5362247782730714,10,1120.4,0.30550504633038933,1119.7088995711729,1121.0911004288273,10,1.9898599999999997,0.013949457974336426,1.9583041337262022,2.0214158662737973,10,0.4883333333333333,0.059768930916326894,0.35312661814817337,0.6235400485184932
300,0.5,2.0,global-T4,10,5,5,0,1,30,10,1.0815181511874794,0.022622078977791005,1.0303434531904827,1.132692849184476,10,2.1666666666666665,0.22360679774997896,1.660832947486182,2.672500385847151,10,0.4222222222222222,0.027715980642769925,0.35952431808720386,0.4849201263572406,10,2174.9,0.9363047936792092,2172.7819314044164,2177.018068595584,10,3.8824999999999994,0.02157686003312087,3.8336897515253807,3.931310248474618,10,0.5611111111111111,0.04930935909516425,0.4495655912409965,0.6726566309812257
300,0.5,2.0,local-T2,10,2,8,0,0,30,10,1.1340170322602883,0.02861067024116397,1.0692951996417817,1.1987388648787949,10,1.7999999999999996,0.13333333333333333,1.498379044960239,2.10162095503976,10,0.4111111111111111,0.02371527495345499,0.35746343200742403,0.46475879021479816,10,1120.4,0.30550504633038933,1119.7088995711729,1121.0911004288273,10,1.99011,0.011978865184612057,1.9630119243204358,2.017208075679564,10,0.425,0.05678425224615541,0.2965450970472195,0.5534549029527804
300,0.5,2.0,local-T4,10,4,6,0,0,30,10,1.0870553298326493,0.025335563586476834,1.0297423031919712,1.1443683564733274,10,1.9,0.17249082995844472,1.509798633492497,2.2902013665075027,10,0.4111111111111111,0.033333333333333326,0.33570587235117094,0.48651634987105125,10,2174.9,0.9363047936792092,2172.7819314044164,2177.018068595584,10,3.8783000000000003,0.02532050552417943,3.821021037062806,3.9355789629371944,10,0.586111111111111,0.0514618267836676,0.4696963710417569,0.7025258511804652
300,0.5,2.0,loco-gated-B1,10,0,10,0,1,30,10,1.1384493809437806,0.022123728736983962,1.0884020295136079,1.1884967323739533,10,2.033333333333333,0.26965913554470217,1.4233219883469133,2.643344678319753,10,0.4222222222222222,0.03628873693012115,0.34013139604684894,0.5043130483975955,10,591.0,0.0,591.0,591.0,10,1.07935,0.008975624397964366,1.0590457269775586,1.0996542730224415,10,0.3734126984126983,0.05237310213207287,0.25493651028666775,0.49188888653872886
300,0.5,2.0,loco-matched-T2,10,7,3,0,1,30,10,1.0553336483008622,0.024709906475995563,0.9994359563741151,1.1112313402276093,10,2.833333333333333,0.359182886116547,2.0208051947502543,3.6458614719164117,10,0.4999999999999999,0.055555555555555546,0.3743246020667663,0.6256753979332335,10,1140.0,0.0,1140.0,1140.0,10,2.0803599999999998,0.013608569195751466,2.0495752777183958,2.1111447222816038,10,0.515079365079365,0.06188350378904101,0.37508915372393603,0.655069576434794
300,0.5,2.0,loco-matched-T4,10,6,4,0,0,30,10,1.0538803939582437,0.0260192871340158,0.9950206771971267,1.1127401107193609,10,2.4666666666666663,0.2287917809108222,1.9491037006898924,2.9842296326434403,10,0.47777777777777775,0.0498282372113841,0.3650584740604371,0.5904970814951184,10,2238.0,0.0,2238.0,2238.0,10,4.09093,0.03049602542408876,4.021943197650022,4.159916802349978,10,0.6917460317460317,0.06677483456240234,0.5406908614460281,0.8428012020460353
300,0.5,2.0,loco-ungated-B1,10,1,9,0,0,30,10,1.1289836906085415,0.030681802443694454,1.0595766314429786,1.1983907497741044,10,2.0333333333333328,0.2786652489774323,1.402948744336089,2.6637179223305765,10,0.4222222222222222,0.032288140322523494,0.3491813743181922,0.49526307012625226,10,186.0,0.0,186.0,186.0,10,0.34364999999999996,0.0072578731197384715,0.327231550335503,0.3600684496644969,10,0.42738095238095236,0.04946470973924942,0.31548400493857515,0.5392778998233295
300,0.9,0.25,global-T2,10,8,2,0,2,30,10,5.040527711378646,0.1781452654508218,4.6375351231204816,5.44352029963681,10,1.5333333333333332,0.2287917809108222,1.0157703673565592,2.050896299310107,10,0.3555555555555555,0.022222222222222216,0.3052853963822621,0.40582571472884893,10,1120.4,0.30550504633038933,1119.7088995711729,1121.0911004288273,10,1.9911399999999997,0.019299822681971883,1.9474807678792416,2.0347992321207578,10,0.2966666666666667,0.06130832376125011,0.15797760293100338,0.43535573040233
300,0.9,0.25,global-T4,10,8,2,0,1,30,10,4.988148088181399,0.16398804405648976,4.617181359705743,5.359114816657055,10,1.4666666666666666,0.15869840952317446,1.1076659228391346,1.8256674104941986,10,0.34444444444444444,0.019945054841238898,0.29932559577293283,0.38956329311595606,10,2174.9,0.9363047936792092,2172.7819314044164,2177.018068595584,10,3.8722900000000005,0.020468520274368213,3.8259869902494583,3.9185930097505426,10,0.5083333333333333,0.10426846877290812,0.2724616698446982,0.7442049968219684
300,0.9,0.25,local-T2,10,9,1,0,0,30,10,5.036932411246641,0.1751150441841105,4.6407946597318315,5.433070162761451,10,1.4333333333333331,0.1651785416368723,1.059673512228921,1.8069931544377453,10,0.3555555555555555,0.022222222222222216,0.3052853963822621,0.40582571472884893,10,1120.4,0.30550504633038933,1119.7088995711729,1121.0911004288273,10,1.99992,0.023908946721537788,1.9458342049189126,2.0540057950810873,10,0.3411111111111111,0.08759944378499401,0.1429474018957482,0.539274820326474
300,0.9,0.25,local-T4,10,7,3,0,0,30,10,5.0605612956318105,0.163970994828766,4.68963313518877,5.431489456074851,10,1.5,0.20637972912229677,1.033136617509643,1.966863382490357,10,0.34444444444444444,0.02592592592592592,0.28579592540893545,0.40309296347995344,10,2174.9,0.9363047936792092,2172.7819314044164,2177.018068595584,10,3.91363,0.0365840221651171,3.830871192215212,3.996388807784788,10,0.32111111111111107,0.046538625048438816,0.21583342711100523,0.4263887951112169
300,0.9,0.25,loco-gated-B1,10,1,9,0,2,30,10,5.500327615823602,0.1383328706904223,5.1873969215408255,5.813258310106379,10,1.8,0.2819683897877671,1.1621431873589265,2.4378568126410736,10,0.25555555555555554,0.04699473163129451,0.1492460867820433,0.36186502432906775,10,591.0,0.0,591.0,591.0,10,1.0749199999999999,0.00855530764431582,1.0555665495324686,1.094273450467531,10,0.12039682539682539,0.044187346898567285,0.020438102105182362,0.2203555486884684
300,0.9,0.25,loco-matched-T2,10,1,9,0,2,30,10,5.376815226851059,0.16254561201963158,5.009111506339432,5.744518947362687,10,1.8,0.31111111111111106,1.096217771573892,2.503782228426108,10,0.31111111111111106,0.056897375910137826,0.18240030465157075,0.43982191757065137,10,1140.0,0.0,1140.0,1140.0,10,2.1062600000000002,0.026875607279960512,2.045463152487086,2.1670568475129146,10,0.1696031746031746,0.04498568930336051,0.06783847532216301,0.27136787388418615
300,0.9,0.25,loco-matched-T4,10,3,7,0,0,30,10,5.430471712055201,0.1934073009734555,4.992954000820631,5.867989423289772,10,1.6666666666666667,0.20487876571761968,1.2031986992932981,2.1301346340400356,10,0.2777777777777778,0.04140866624999611,0.1841048668184288,0.3714506887371268,10,2238.0,0.0,2238.0,2238.0,10,4.0632,0.027269376393472787,4.001512384866466,4.1248876151335345,10,0.18888888888888888,0.05118620355957501,0.0730976518701493,0.3046801259076285
300,0.9,0.25,loco-ungated-B1,10,1,9,0,0,30,10,5.495162714865141,0.14389489957008386,5.169649837112548,5.820675592617734,10,1.3,0.1048220125784067,1.0628761334268337,1.5371238665731664,10,0.22222222222222224,0.03312693299999688,0.14728389345474308,0.2971605509897014,10,186.0,0.0,186.0,186.0,10,0.33408,0.0020884763185952896,0.32935553833655523,0.33880446166344474,10,0.1388888888888889,0.046296296296296294,0.03415939061119423,0.24361838716658357
300,0.9,2.0,global-T2,10,4,6,0,1,30,10,0.7668643357744517,0.02239424669739531,0.7162050302024688,0.8175236413464345,10,2.466666666666667,0.3658239474034295,1.639115403724885,3.2942179296084486,10,0.5222222222222221,0.043979044766807085,0.4227347110899666,0.6217097333544777,10,1120.4,0.30550504633038933,1119.7088995711729,1121.0911004288273,10,1.97092,0.012366368370166997,1.9429453312136256,1.9988946687863745,10,0.3590873015873016,0.03459941497382422,0.2808179871756377,0.4373566159989655
300,0.9,2.0,global-T4,10,5,5,0,1,30,10,0.7561897948106601,0.019964151930649977,0.7110277455215486,0.8013518440997716,10,2.5666666666666664,0.3024590575292489,1.8824567432236816,3.2508765901096512,10,0.5111111111111111,0.033945005147821034,0.43432217457474576,0.5879000476474764,10,2174.9,0.9363047936792092,2172.7819314044164,2177.018068595584,10,3.87046,0.019539727053706064,3.826258066486337,3.914661933513663,10,0.4494444444444444,0.041750532881446825,0.3549981774360375,0.5438907114528513
300,0.9,2.0,local-T2,10,3,7,0,1,30,10,0.765143037018593,0.01939727883816989,0.721263343756033,0.809022730281153,10,2.2666666666666666,0.24745619390355653,1.7068818651489548,2.8264514681843784,10,0.5111111111111111,0.033945005147821034,0.43432217457474576,0.5879000476474764,10,1120.4,0.30550504633038933,1119.7088995711729,1121.0911004288273,10,1.97269,0.010716368062195537,1.9484478912289225,1.9969321087710776,10,0.4083333333333333,0.04639434062738317,0.30338204336979874,0.513284623296868
300,0.9,2.0,local-T4,10,5,5,0,0,30,10,0.7561264304179625,0.02059819202451295,0.7095300827890176,0.8027227780469073,10,2.3,0.24570382652773312,1.744179328893361,2.8558206711066387,10,0.4999999999999999,0.02986021388258721,0.43245150328281884,0.5675484967171809,10,2174.9,0.9363047936792092,2172.7819314044164,2177.018068595584,10,3.85578,0.02348840754263448,3.8026455306347065,3.908914469365294,10,0.43555555555555553,0.051720733691168884,0.3185551273708994,0.5525559837402116
300,0.9,2.0,loco-gated-B1,10,1,9,0,1,30,10,0.8333180748874346,0.04380217879899656,0.7342306623711169,0.9324054874037523,10,2.166666666666667,0.38888888888888884,1.2869388811340319,3.0463944521993023,10,0.4666666666666666,0.05443310539518172,0.3435304274036067,0.5898029059297265,10,591.0,0.0,591.0,591.0,10,1.0770699999999997,0.007957917790198353,1.0590679392699434,1.0950720607300561,10,0.20960317460317462,0.04620117969042674,0.10508884503674883,0.31411750416960044
300,0.9,2.0,loco-matched-T2,10,4,6,0,1,30,10,0.7608512896215383,0.021888290229263214,0.7113365370980045,0.810366042145072,10,2.833333333333333,0.37924551479724466,1.9754203755756534,3.6912462910910127,10,0.4999999999999999,0.0475749354765375,0.3923780189420881,0.6076219810579117,10,1140.0,0.0,1140.0,1140.0,10,2.06168,0.015298146583455437,2.0270731881286994,2.0962868118713005,10,0.41380952380952385,0.07707227811880071,0.23945991780990347,0.5881591298091442
300,0.9,2.0,loco-matched-T4,10,3,7,0,0,30,10,0.7601159519677059,0.02228826247064236,0.7096963993734159,0.8105355045619959,10,2.9,0.348010216963685,2.1127461949686426,3.6872538050313572,10,0.5333333333333333,0.0398901096824778,0.44309563599031015,0.6235710306763566,10,2238.0,0.0,2238.0,2238.0,10,4.07014,0.03040825618881234,4.001351745454276,4.138928254545725,10,0.4765079365079365,0.06741156034485474,0.32401239241841995,0.629003480597453
300,0.9,2.0,loco-ungated-B1,10,2,8,0,0,30,10,0.8055875698369045,0.032434204359587965,0.7322163021252018,0.8789588375486072,10,2.3333333333333335,0.24343224778007386,1.7826513303615719,2.884015336305095,10,0.48888888888888893,0.029629629629629624,0.42186200999116436,0.5559157677866136,10,186.0,0.0,186.0,186.0,10,0.33432,0.001955664138399594,0.3298959803612918,0.3387440196387082,10,0.302579365079365,0.05525261477006748,0.17758926681392695,0.42756946334480306
1000,0.5,0.25,global-T2,10,6,4,0,0,30,10,5.09393768196813,0.09586263515372749,4.8770813352104145,5.310794028725846,10,1.7333333333333332,0.15555555555555553,1.381442219120279,2.0852244475463872,10,0.38888888888888884,0.024845199749997656,0.3326851423132795,0.4450926354644982,10,1120.4,0.30550504633038933,1119.7088995711729,1121.0911004288273,10,2.12965,0.015561364193269044,2.0944477485272848,2.164852251472715,10,0.5444444444444444,0.0823189287810847,0.35822609006843836,0.7306627988204504
1000,0.5,0.25,global-T4,10,6,4,0,0,30,10,5.088473447690567,0.09391667029690748,4.8760191792722605,5.300927716108873,10,1.9666666666666668,0.22470831573507424,1.4583411406862479,2.4749921926470857,10,0.4444444444444445,0.03703703703703703,0.36066084582228874,0.5282280430666002,10,2174.9,0.9363047936792092,2172.7819314044164,2177.018068595584,10,4.115679999999999,0.027128925931968282,4.0543101058839754,4.177049894116023,10,0.5961111111111111,0.08561906413095847,0.40242733191518454,0.7897948903070378
1000,0.5,0.25,local-T2,10,5,5,0,1,30,10,5.102458932537095,0.09272680403874736,4.892696328597458,5.3122215364767325,10,2.0333333333333337,0.2873892701417236,1.3832136373708854,2.683453029295782,10,0.45555555555555555,0.042065987746668684,0.3603956800642475,0.5507154310468636,10,1120.4,0.30550504633038933,1119.7088995711729,1121.0911004288273,10,2.11156,0.014481529998971487,2.0788005031845493,2.1443194968154504,10,0.5067460317460317,0.0692294479921931,0.3501381400939263,0.6633539233981371
1000,0.5,0.25,local-T4,10,6,4,0,0,30,10,5.0868603557481356,0.09567038288089187,4.870438913846479,5.303281797649792,10,2.1333333333333337,0.34498165991688945,1.352930600318328,2.9137360663483394,10,0.45555555555555555,0.05091750772173155,0.34037215075100763,0.5707389603601035,10,2174.9,0.9363047936792092,2172.7819314044164,2177.018068595584,10,4.12584,0.02949434296041644,4.059119160810067,4.192560839189933,10,0.5902777777777778,0.09644153043615047,0.3721118789104189,0.8084436766451366
1000,0.5,0.25,loco-gated-B1,10,4,6,0,3,30,10,5.129054128115418,0.09245693747864514,4.919902004747715,5.338206251483121,10,2.1333333333333333,0.24944382578492943,1.5690521961181676,2.697614470548499,10,0.48888888888888893,0.0377705149155021,0.4034460480302094,0.5743317297475684,10,591.0,0.0,591.0,591.0,10,1.18746,0.01030680681232877,1.164144383143913,1.2107756168560868,10,0.41587301587301584,0.10190735792569304,0.1853425561995689,0.6464034755464627
1000,0.5,0.25,loco-matched-T2,10,6,4,0,0,30,10,5.082307187909096,0.088208960337197,4.882764656459323,5.28184971935887,10,2.166666666666667,0.3113094605804867,1.4624357405676736,2.8708975927656604,10,0.45555555555555555,0.030765273566363233,0.38595967159196065,0.5251514395191504,10,1140.0,0.0,1140.0,1140.0,10,2.3235,0.017958730467379905,2.2828745292384545,2.3641254707615458,10,0.5501587301587302,0.0775584316606488,0.37470936844219843,0.7256080918752619
1000,0.5,0.25,loco-matched-T4,10,6,4,0,0,30,10,5.094973104205939,0.08451880595351166,4.9037782819270515,5.286167926484827,10,2.4,0.3173968190463488,1.6819985123449364,3.1180014876550635,10,0.4444444444444445,0.033126932999996875,0.36950611567696534,0.5193827732119236,10,2238.0,0.0,2238.0,2238.0,10,4.52303,0.036852749181332745,4.4396632894706425,4.606396710529358,10,0.49978835978835984,0.09272888935518157,0.29002103853521366,0.709555681041506
1000,0.5,0.25,loco-ungated-B1,10,4,6,0,0,30,10,5.1279304276406705,0.09010299919453527,4.924103282623152,5.331757572658189,10,1.8999999999999997,0.22798093920759102,1.3842712853900856,2.415728714609914,10,0.4666666666666667,0.03628873693012115,0.3845758404912934,0.54875749284204,10,186.0,0.0,186.0,186.0,10,0.36813,0.0037640418583101717,0.3596151457491514,0.37664485425084865,10,0.41841269841269846,0.08785282120557979,0.21967580965046613,0.6171495871749308
1000,0.5,2.0,global-T2,10,9,1,0,0,30,10,0.990614581269648,0.014638959897216499,0.957498953282244,1.023730209257052,10,2.8999999999999995,0.14098419489388356,2.5810715936794626,3.2189284063205363,10,0.5888888888888888,0.02892685065150612,0.5234518064903904,0.6543259712873872,10,1120.4,0.30550504633038933,1119.7088995711729,1121.0911004288273,10,2.0998200000000002,0.019476862626659815,2.055760275700265,2.1438797242997354,10,0.7138888888888888,0.0436365617331414,0.615176128204377,0.8126016495734006
1000,0.5,2.0,global-T4,10,8,2,0,0,30,10,0.9927819007083529,0.017370722582218535,0.9534865961960067,1.032077205220699,10,2.9666666666666663,0.16814162167135058,2.586303892838315,3.347029440495018,10,0.5777777777777777,0.0322881403225235,0.5047369298737476,0.6508186256818078,10,2174.9,0.9363047936792092,2172.7819314044164,2177.018068595584,10,4.09374,0.03813021315906268,4.0074834651832045,4.179996534816796,10,0.6633333333333333,0.0310669881118678,0.5930549236495049,0.7336117430171618
1000,0.5,2.0,local-T2,10,9,1,0,0,30,10,0.9907525115509195,0.01783775688629923,0.9504007020423246,1.0311043210595143,10,3.0,0.12171612389003691,2.724658998514119,3.275341001485881,10,0.6111111111111109,0.029860213882587215,0.5435626143939298,0.678659607828292,10,1120.4,0.30550504633038933,1119.7088995711729,1121.0911004288273,10,2.0979900000000002,0.016746073835048295,2.060107749125298,2.1358722508747023,10,0.6566666666666665,0.02646010533258036,0.5968097498601749,0.7165235834731581
1000,0.5,2.0,local-T4,10,7,3,0,0,30,10,0.9954578516360083,0.018322419523718367,0.9540096590706352,1.0369060442013815,10,2.9666666666666663,0.14444444444444443,2.6399106320402588,3.293422701293074,10,0.5888888888888888,0.02892685065150612,0.5234518064903904,0.6543259712873872,10,2174.9,0.9363047936792092,2172.7819314044164,2177.018068595584,10,4.0997200000000005,0.03593657313780614,4.018425823669891,4.18101417633011,10,0.6355555555555554,0.023456465234917057,0.5824933447104608,0.6886177664006501
1000,0.5,2.0,loco-gated-B1,10,5,5,0,0,30,10,1.0048977308774336,0.01649916664044093,0.967574022881559,1.0422214388733082,10,2.633333333333333,0.14444444444444443,2.3065772987069257,2.96008936795974,10,0.5111111111111111,0.0377705149155021,0.42566827025243154,0.5965539519697906,10,591.0,0.0,591.0,591.0,10,1.18487,0.01116583131203803,1.159611134718877,1.2101288652811233,10,0.7238888888888888,0.05141382444739226,0.6075827376483709,0.8401950401294067
1000,0.5,2.0,loco-matched-T2,10,10,0,0,0,30,10,0.9911587296316814,0.015166877001029486,0.9568488701865232,1.0254685890768396,10,3.0,0.16480441082434805,2.627186521592963,3.372813478407037,10,0.6111111111111109,0.034146460952936615,0.5338664498822161,0.6883557723400058,10,1140.0,0.0,1140.0,1140.0,10,2.31027,0.021922125049060968,2.260678707796509,2.359861292203491,10,0.6605555555555555,0.03856523164596215,0.5733149405526702,0.7477961705584407
1000,0.5,2.0,loco-matched-T4,10,9,1,0,0,30,10,0.9851361201201987,0.015295994767993515,0.9505341759936583,1.019738064246739,10,3.233333333333333,0.1651785416368723,2.859673512228921,3.606993154437745,10,0.6555555555555556,0.030765273566363247,0.5859596715919606,0.7251514395191505,10,2238.0,0.0,2238.0,2238.0,10,4.5133600000000005,0.04086714029089332,4.420912105867877,4.605807894132124,10,0.6566666666666666,0.03903675591999419,0.5683593896498466,0.7449739436834867
1000,0.5,2.0,loco-ungated-B1,10,5,5,0,0,30,10,1.0004114916188656,0.0162521725581468,0.9636465230554213,1.0371764601823097,10,2.9000000000000004,0.1575271875417536,2.5436487443669664,3.2563512556330343,10,0.5999999999999999,0.0377705149155021,0.5145571591413204,0.6854428408586793,10,186.0,0.0,186.0,186.0,10,0.3682,0.003897292507483741,0.3593837118386759,0.37701628816132415,10,0.6200793650793649,0.04257057664923866,0.5237780301878396,0.7163806999708902
1000,0.9,0.25,global-T2,10,5,5,0,1,30,10,4.804580149968315,0.10661940697620877,4.563390294783787,5.045770005152843,10,1.7666666666666668,0.28566578071516535,1.120445774655514,2.4128875586778196,10,0.4222222222222222,0.036288736930121156,0.3401313960468489,0.5043130483975955,10,1120.4,0.30550504633038933,1119.7088995711729,1121.0911004288273,10,2.10263,0.02479735671397254,2.0465344818910247,2.1587255181089753,10,0.3783333333333333,0.02944910282274269,0.31171483444488507,0.44495183222178153
1000,0.9,0.25,global-T4,10,6,4,0,0,30,10,4.780812481764369,0.09553487990588101,4.564697568888214,4.996927394640524,10,1.9,0.32603112780269355,1.1624663489459597,2.6375336510540404,10,0.4444444444444445,0.043822813208145295,0.34531035365167084,0.5435785352372181,10,2174.9,0.9363047936792092,2172.7819314044164,2177.018068595584,10,4.04646,0.03209320869661438,3.973860118069776,4.119059881930224,10,0.45944444444444443,0.06838350060509377,0.3047502187334162,0.6141386701554727
1000,0.9,0.25,local-T2,10,5,5,0,0,30,10,4.788381989005602,0.09365121108625765,4.576528231042098,5.000235746969106,10,1.7333333333333332,0.26199613605670213,1.1406568975272116,2.326009769139455,10,0.4333333333333333,0.03866780188485388,0.3458606883298492,0.5208059783368174,10,1120.4,0.30550504633038933,1119.7088995711729,1121.0911004288273,10,2.1094,0.021435064730483063,2.0609105147848945,2.1578894852151054,10,0.4261111111111111,0.04505788077603554,0.32418310337309475,0.5280391188491275
1000,0.9,0.25,local-T4,10,6,4,0,0,30,10,4.77871143413997,0.09503533758757335,4.563726564497295,4.993696303782644,10,1.8333333333333333,0.30731814857642953,1.1381313822732801,2.5285352843933864,10,0.4333333333333333,0.045209465243458154,0.33106241770656797,0.5356042489600986,10,2174.9,0.9363047936792092,2172.7819314044164,2177.018068595584,10,4.064570000000001,0.03583002480850074,3.9835168527362135,4.145623147263788,10,0.5527777777777777,0.08551165299743603,0.35933697944691323,0.7462185761086422
1000,0.9,0.25,loco-gated-B1,10,5,5,0,3,30,10,4.871802656389532,0.12129786381821027,4.597407824921047,5.146197487858017,10,2.533333333333333,0.48227854253801566,1.4423434738670824,3.624323192799584,10,0.45555555555555555,0.07490277191169142,0.2861137135620826,0.6249973975490285,10,591.0,0.0,591.0,591.0,10,1.1951,0.013900871275651117,1.1636540444746502,1.22654595552535,10,0.2522354497354497,0.09039966899001607,0.047737191015098074,0.4567337084558013
1000,0.9,0.25,loco-matched-T2,10,6,4,0,3,30,10,4.797317981747622,0.09294466894567652,4.587062533148252,5.0075734303469925,10,2.5666666666666664,0.39142033230685636,1.6812123582738576,3.4521209750594752,10,0.5,0.050375816699020144,0.3860419854225022,0.6139580145774979,10,1140.0,0.0,1140.0,1140.0,10,2.2791,0.018719093045456145,2.2367544695861357,2.3214455304138646,10,0.2677777777777777,0.04394042918398074,0.1683776211628084,0.36717793439274704
1000,0.9,0.25,loco-matched-T4,10,5,5,0,0,30,10,4.808004304461607,0.09100885217691353,4.602127977631559,5.013880631291656,10,2.0666666666666673,0.30951973949298045,1.3664843709451873,2.7668489623881474,10,0.42222222222222217,0.03628873693012115,0.3401313960468489,0.5043130483975955,10,2238.0,0.0,2238.0,2238.0,10,4.476159999999999,0.039069676220823746,4.387778252088856,4.564541747911142,10,0.32373015873015876,0.08294302228367517,0.13610000676701184,0.5113603106933057
1000,0.9,0.25,loco-ungated-B1,10,6,4,0,0,30,10,4.830907224258512,0.12072152643278705,4.55781615853465,5.103998289982374,10,2.466666666666667,0.38873012632302,1.587298027009596,3.3460353063237376,10,0.45555555555555555,0.042065987746668684,0.3603956800642475,0.5507154310468636,10,186.0,0.0,186.0,186.0,10,0.36513,0.003567851828014537,0.35705895843145424,0.3732010415685458,10,0.21789682539682537,0.06078304857564401,0.08039601668472104,0.35539763410892966
1000,0.9,2.0,global-T2,10,10,0,0,1,30,10,0.6566286186165017,0.011715576043553748,0.6301261443532695,0.6831310928797338,10,3.6333333333333337,0.13562839573037444,3.3265205864530376,3.94014608021363,10,0.7333333333333332,0.029629629629629624,0.6663064544356085,0.8003602122310578,10,1120.4,0.30550504633038933,1119.7088995711729,1121.0911004288273,10,2.0783899999999997,0.018109245336751775,2.0374240409485966,2.119355959051403,10,0.6941269841269841,0.05917217713460603,0.5602702197835709,0.8279837484703974
1000,0.9,2.0,global-T4,10,10,0,0,2,30,10,0.6545268524369425,0.010959781036227769,0.62973410526314,0.6793195996107451,10,3.8000000000000007,0.21773242158072692,3.307455042947761,4.2925449570522405,10,0.7222222222222221,0.029860213882587215,0.654673725505041,0.7897707189394032,10,2174.9,0.9363047936792092,2172.7819314044164,2177.018068595584,10,4.086399999999999,0.048074990032933605,3.9776468169455463,4.195153183054453,10,0.6846031746031747,0.027903519885359728,0.621481027227226,0.7477253219791233
1000,0.9,2.0,local-T2,10,10,0,0,0,30,10,0.6576330658846767,0.010639916199090155,0.6335639032433323,0.6817022285260211,10,3.6666666666666665,0.16480441082434802,3.2938531882596296,4.0394801450737035,10,0.7444444444444442,0.02892685065150612,0.6790073620459458,0.8098815268429427,10,1120.4,0.30550504633038933,1119.7088995711729,1121.0911004288273,10,2.0939699999999997,0.017696855025053946,2.0539369326460726,2.1340030673539268,10,0.664047619047619,0.05826968657030751,0.5322324301985915,0.7958628078966465
1000,0.9,2.0,local-T4,10,10,0,0,0,30,10,0.6565051752587555,0.01096937586141875,0.6316907230824214,0.6813196274350897,10,3.7666666666666666,0.18625616238044682,3.3453259548224334,4.1880073785109,10,0.7222222222222221,0.024845199749997656,0.6660184756466128,0.7784259687978314,10,2174.9,0.9363047936792092,2172.7819314044164,2177.018068595584,10,4.0608,0.03698611150748949,3.97713160292928,4.144468397070721,10,0.6551587301587302,0.036055250707109666,0.573596086515157,0.7367213738023033
1000,0.9,2.0,loco-gated-B1,10,7,3,0,2,30,10,0.6976453857669774,0.01900484799150163,0.6546534327551109,0.740637338778844,10,3.233333333333333,0.18625616238044676,2.8119926214891,3.654674045177566,10,0.6,0.029629629629629634,0.5329731211022753,0.6670268788977246,10,591.0,0.0,591.0,591.0,10,1.18341,0.009722510535407571,1.161416153151947,1.2054038468480532,10,0.43785714285714283,0.04381930756227823,0.3387309823862776,0.536983303328008
1000,0.9,2.0,loco-matched-T2,10,7,3,0,1,30,10,0.6794197976196787,0.013430849401777438,0.649037105442984,0.7098024897963735,10,3.766666666666667,0.2536158269002961,3.1929478072451727,4.340385526088162,10,0.6666666666666666,0.04684855792842044,0.5606878657821237,0.7726454675512096,10,1140.0,0.0,1140.0,1140.0,10,2.2825800000000003,0.022653240141067846,2.2313348105542956,2.333825189445705,10,0.5264682539682539,0.04168056583494466,0.43218026341525173,0.6207562445212561
1000,0.9,2.0,loco-matched-T4,10,10,0,0,0,30,10,0.6571307298054548,0.011765993276262921,0.6305142038381212,0.6837472557727885,10,4.066666666666666,0.22110831935702666,3.5664848982788957,4.566848435054437,10,0.7333333333333332,0.033945005147821034,0.6565443967969679,0.8101222698696985,10,2238.0,0.0,2238.0,2238.0,10,4.548,0.05375261027253566,4.426403147652883,4.669596852347117,10,0.6026984126984127,0.04425400114877612,0.5025889070172288,0.7028079183795967
1000,0.9,2.0,loco-ungated-B1,10,7,3,0,0,30,10,0.6777216848971767,0.01449489829975984,0.6449319468843434,0.7105114229100099,10,3.5666666666666664,0.1862561623804467,3.1453259548224333,3.9880073785108996,10,0.6888888888888889,0.036288736930121156,0.6067980627135156,0.7709797150642622,10,186.0,0.0,186.0,186.0,10,0.36879,0.004101935857345627,0.3595107764189668,0.37806922358103323,10,0.4719841269841269,0.045465878156454975,0.3691331650495918,0.574835088918662
3000,0.5,0.25,global-T2,10,3,7,0,0,30,10,4.963556462858024,0.045842082038352605,4.859854468617383,5.067258457098666,10,2.2666666666666666,0.15555555555555556,1.9147755524536125,2.618557780879721,10,0.45555555555555555,0.025925925925925915,0.39690703652004655,0.5142040745910645,10,1120.4,0.30550504633038933,1119.7088995711729,1121.0911004288273,10,2.48616,0.023812915263220776,2.4322914431701985,2.5400285568298013,10,0.5583333333333333,0.05406170584072222,0.43603725823265405,0.6806294084340127
3000,0.5,0.25,global-T4,10,4,6,0,0,30,10,4.945192716841875,0.044864889575163526,4.843701285531268,5.046684148152482,10,2.3,0.19531550923607716,1.858165621776029,2.7418343782239707,10,0.45555555555555555,0.03494067085946889,0.3765142666978335,0.5345968444132776,10,2174.9,0.9363047936792092,2172.7819314044164,2177.018068595584,10,4.844259999999999,0.0467846822035684,4.73842569604396,4.950094303956039,10,0.665,0.06160880390652676,0.5256312029514205,0.8043687970485796
3000,0.5,0.25,local-T2,10,3,7,0,0,30,10,4.9570318111748595,0.04847759896457994,4.847367863441876,5.0666957589078425,10,2.3,0.20757268546966,1.8304379627635496,2.76956203723645,10,0.4666666666666666,0.03228814032252351,0.3936258187626365,0.5397075145706967,10,1120.4,0.30550504633038933,1119.7088995711729,1121.0911004288273,10,2.49546,0.025877459947478084,2.436921118624789,2.553998881375211,10,0.611111111111111,0.057824055540725915,0.48030400968761666,0.7419182125346054
3000,0.5,0.25,local-T4,10,5,5,0,0,30,10,4.93701455330544,0.04266940567196443,4.8404896516322635,5.033539454978617,10,2.4,0.19116278371205833,1.9675597395653233,2.8324402604346766,10,0.45555555555555555,0.03494067085946889,0.3765142666978335,0.5345968444132776,10,2174.9,0.9363047936792092,2172.7819314044164,2177.018068595584,10,4.843170000000001,0.0401331867383812,4.752382424153853,4.933957575846148,10,0.6811111111111112,0.07477079746555547,0.5119678160562711,0.8502544061659514
3000,0.5,0.25,loco-gated-B1,10,3,7,0,0,30,10,4.963701944707717,0.03838854610055065,4.876861020176947,5.050542869238487,10,2.2,0.18724777273725238,1.7764161096844142,2.623583890315586,10,0.45555555555555555,0.03076527356636323,0.3859596715919607,0.5251514395191504,10,591.0,0.0,591.0,591.0,10,1.56111,0.01732090227313679,1.521927396856696,1.600292603143304,10,0.5522222222222222,0.06170419278628808,0.41263764053603924,0.6918068039084051
3000,0.5,0.25,loco-matched-T2,10,6,4,0,0,30,10,4.938587991013939,0.040187700495602746,4.847677096481423,5.029498885546456,10,2.3666666666666667,0.201537301635745,1.910757616200344,2.8225757171329895,10,0.4777777777777777,0.03722176155970699,0.39357630325351967,0.5619792523020357,10,1140.0,0.0,1140.0,1140.0,10,3.0215799999999997,0.028441619738216975,2.957240586187609,3.08591941381239,10,0.6861111111111111,0.06194852724185493,0.5459738064861492,0.826248415736073
3000,0.5,0.25,loco-matched-T4,10,6,4,0,0,30,10,4.9389965182591,0.040825817930500025,4.846642101800524,5.031350934717676,10,2.3000000000000003,0.18223577185396359,1.887754043382497,2.7122459566175037,10,0.45555555555555555,0.03866780188485388,0.36808291055207143,0.5430282005590397,10,2238.0,0.0,2238.0,2238.0,10,5.94218,0.058305133755289666,5.810284624047564,6.074075375952435,10,0.7211111111111111,0.08004542606043245,0.5400357771992698,0.9021864450229525
3000,0.5,0.25,loco-ungated-B1,10,3,7,0,0,30,10,4.96588091731895,0.03785320067706699,4.880251028272485,5.051510806365415,10,2.066666666666667,0.16329931618554522,1.6972579488774868,2.436075384455847,10,0.45555555555555555,0.019945054841238898,0.410436706884044,0.5006744042270671,10,186.0,0.0,186.0,186.0,10,0.46905,0.005008864364526378,0.457719161600302,0.48038083839969803,10,0.5972222222222221,0.05450393575096828,0.47392575356247607,0.7205186908819682
3000,0.5,2.0,global-T2,10,10,0,0,1,30,10,0.9502840530888346,0.006908539140729779,0.9346558517871609,0.9659122543905082,10,3.833333333333333,0.15112745009706047,3.4914592896008396,4.175207377065827,10,0.7444444444444444,0.03333333333333333,0.6690392056845041,0.8198496832043846,10,1120.4,0.30550504633038933,1119.7088995711729,1121.0911004288273,10,2.49191,0.024564574537781485,2.436341071758267,2.5474789282417327,10,0.6718253968253969,0.031103562864323177,0.601464249303324,0.7421865443474698
3000,0.5,2.0,global-T4,10,10,0,0,0,30,10,0.9496759896625541,0.006774210902345071,0.9343516599475085,0.9650003193775997,10,3.7666666666666666,0.1319371343004213,3.4682041332698996,4.065129200063433,10,0.7333333333333332,0.02962962962962963,0.6663064544356085,0.8003602122310578,10,2174.9,0.9363047936792092,2172.7819314044164,2177.018068595584,10,4.8550699999999996,0.047928263640106494,4.746648735106052,4.963491264893947,10,0.7294444444444445,0.03604267018513021,0.6479102599187788,0.8109786289701101
3000,0.5,2.0,local-T2,10,10,0,0,0,30,10,0.9516561099135961,0.007039701670615425,0.9357311983554509,0.9675810214717412,10,3.7333333333333334,0.12957670877433997,3.4402104534476434,4.026456213219023,10,0.7555555555555554,0.036288736930121156,0.6734647293801821,0.8376463817309288,10,1120.4,0.30550504633038933,1119.7088995711729,1121.0911004288273,10,2.49273,0.023972424204118825,2.4385006088770154,2.5469593911229844,10,0.6627777777777777,0.02413169741857757,0.6081880856118634,0.7173674699436919
3000,0.5,2.0,local-T4,10,10,0,0,0,30,10,0.9495010456858661,0.006669472395154625,0.9344136509350822,0.96458844043665,10,3.8,0.14229164972072997,3.4781139253778774,4.121886074622123,10,0.7444444444444445,0.03333333333333333,0.6690392056845043,0.8198496832043847,10,2174.9,0.9363047936792092,2172.7819314044164,2177.018068595584,10,4.87003,0.046511066902882856,4.764814656856257,4.975245343143743,10,0.7016666666666665,0.040640027029791304,0.6097325384249115,0.7936007949084216
3000,0.5,2.0,loco-gated-B1,10,10,0,0,0,30,10,0.9528993197959478,0.008570938985825777,0.9335105087772556,0.9722881308146399,10,3.6999999999999993,0.10482201257840669,3.462876133426833,3.9371238665731654,10,0.7555555555555555,0.027715980642769932,0.6928576514205371,0.818253459690574,10,591.0,0.0,591.0,591.0,10,1.55465,0.01827007419555572,1.5133202207936691,1.595979779206331,10,0.6338888888888888,0.032430679474741445,0.5605255950206898,0.7072521827570879
3000,0.5,2.0,loco-matched-T2,10,10,0,0,0,30,10,0.9501654773935598,0.006755729090565517,0.9348829564414128,0.9654479983457068,10,3.6999999999999993,0.126197963240006,3.414520373526075,3.9854796264739236,10,0.711111111111111,0.029629629629629624,0.6440842322133864,0.7781379900088357,10,1140.0,0.0,1140.0,1140.0,10,3.0231,0.03115511015690506,2.95262224440079,3.0935777555992097,10,0.7566666666666667,0.03055050463303893,0.6875566237839379,0.8257767095493955
3000,0.5,2.0,loco-matched-T4,10,9,1,0,0,30,10,0.9509756979025832,0.006846375295847938,0.935488120987876,0.9664632748172903,10,3.7999999999999994,0.180534186769688,3.391603296269001,4.208396703730998,10,0.7333333333333333,0.03777051491550211,0.6478904924746538,0.8187761741920128,10,2238.0,0.0,2238.0,2238.0,10,5.959649999999999,0.05508343419052795,5.835042614794372,6.084257385205626,10,0.7383333333333333,0.032693971120062046,0.6643744323837673,0.8122922342828993
3000,0.5,2.0,loco-ungated-B1,10,10,0,0,0,30,10,0.9522005142055818,0.008436504819069622,0.9331158144001419,0.9712852140110217,10,3.666666666666667,0.1791612832955233,3.2613756863635803,4.071957646969754,10,0.7555555555555555,0.03228814032252351,0.6825147076515254,0.8285964034595856,10,186.0,0.0,186.0,186.0,10,0.47081,0.004624366623297362,0.46034895591970293,0.4812710440802971,10,0.6699999999999999,0.038268418823968864,0.5834308222483972,0.7565691777516027
3000,0.9,0.25,global-T2,10,3,7,0,1,30,10,4.645781138917547,0.04719992452647399,4.53900749156645,4.752554786268645,10,2.1000000000000005,0.19907192074632132,1.6496680285717131,2.550331971428288,10,0.5222222222222223,0.04074074074074073,0.430060263737851,0.6143841807065935,10,1120.4,0.30550504633038933,1119.7088995711729,1121.0911004288273,10,2.49965,0.02007921672885785,2.4542276560534364,2.5450723439465635,10,0.3855555555555555,0.06802726799359321,0.23166718399825553,0.5394439271128555
3000,0.9,0.25,global-T4,10,3,7,0,0,30,10,4.635096767519023,0.046327237013156275,4.530297276477062,4.739896258560985,10,2.2333333333333334,0.18625616238044676,1.8119926214891002,2.6546740451775666,10,0.511111111111111,0.033945005147821034,0.43432217457474565,0.5879000476474763,10,2174.9,0.9363047936792092,2172.7819314044164,2177.018068595584,10,5.007890000000001,0.0753476659669473,4.837441737732744,5.178338262267257,10,0.4666666666666667,0.05925925925925926,0.3326129088712175,0.6007204244621158
3000,0.9,0.25,local-T2,10,2,8,0,0,30,10,4.6504658987726755,0.04718244446793389,4.54373179406121,4.757200003484141,10,2.166666666666667,0.22360679774997896,1.6608329474861825,2.6725003858471514,10,0.4999999999999999,0.034146460952936615,0.4227553387711051,0.5772446612288946,10,1120.4,0.30550504633038933,1119.7088995711729,1121.0911004288273,10,2.48368,0.02796800870836377,2.4204119687711723,2.546948031228828,10,0.3876190476190476,0.06643585643364752,0.23733069912103863,0.5379073961170565
3000,0.9,0.25,local-T4,10,4,6,0,0,30,10,4.632742028549063,0.04558195968362833,4.529628471956364,4.735855585141762,10,2.2666666666666666,0.1632993161855452,1.8972579488774868,2.6360753844558467,10,0.5222222222222221,0.02892685065150612,0.45678513982372365,0.5876593046207206,10,2174.9,0.9363047936792092,2172.7819314044164,2177.018068595584,10,4.96277,0.05968662990058066,4.827749462647116,5.097790537352884,10,0.44111111111111106,0.05687446769373596,0.3124521266373912,0.5697700955848309
3000,0.9,0.25,loco-gated-B1,10,1,9,0,2,30,10,4.659356322547572,0.048909904483291744,4.548714431788917,4.769998213306226,10,2.3666666666666667,0.25555555555555554,1.7885598361737922,2.944773497159541,10,0.45555555555555555,0.03494067085946889,0.3765142666978335,0.5345968444132776,10,591.0,0.0,591.0,591.0,10,1.56502,0.018977195671530472,1.5220906008818242,1.607949399118176,10,0.30198412698412697,0.05613295938291274,0.17500255084701022,0.4289657031212437
3000,0.9,0.25,loco-matched-T2,10,2,8,0,0,30,10,4.652696189202616,0.04105306032641817,4.559827714730423,4.745564663674809,10,2.2,0.23934065809486685,1.6585738159418608,2.7414261840581395,10,0.4666666666666666,0.0322881403225235,0.3936258187626365,0.5397075145706967,10,1140.0,0.0,1140.0,1140.0,10,3.06634,0.03010659285494348,2.9982341553257403,3.1344458446742594,10,0.5161111111111111,0.06947011871078086,0.3589587844690766,0.6732634377531456
3000,0.9,0.25,loco-matched-T4,10,2,8,0,0,30,10,4.65486557655833,0.04506088825705824,4.552930765425576,4.756800387691084,10,2.666666666666667,0.3258417399692262,1.9295614406566517,3.4037718926766822,10,0.4999999999999999,0.03795166950355405,0.41414735899238486,0.5858526410076149,10,2238.0,0.0,2238.0,2238.0,10,6.014480000000001,0.06343956844465794,5.870969725838091,6.157990274161911,10,0.3967857142857142,0.04181067956886027,0.30220338601755636,0.491368042553872
3000,0.9,0.25,loco-ungated-B1,10,1,9,0,0,30,10,4.660089281094927,0.03958122407192208,4.570550331548308,4.749628230641546,10,2.0,0.27666443551086073,1.3741415655175844,2.6258584344824154,10,0.45555555555555555,0.03494067085946889,0.3765142666978335,0.5345968444132776,10,186.0,0.0,186.0,186.0,10,0.48392999999999997,0.01239390576049374,0.4558930373088531,0.5119669626911468,10,0.4133333333333333,0.04508184905097166,0.3113511055904903,0.5153155610761763
3000,0.9,2.0,global-T2,10,10,0,0,0,30,10,0.6323739389055624,0.005691728203913079,0.6194983551803799,0.6452495226307449,10,4.166666666666666,0.10243938285880987,3.9349326829799818,4.39840065035335,10,0.8222222222222222,0.018144368465060588,0.7811768091345355,0.8632676353099089,10,1120.4,0.30550504633038933,1119.7088995711729,1121.0911004288273,10,2.4920999999999998,0.026681783215436624,2.4317416129829708,2.5524583870170288,10,0.6538095238095238,0.033755577101728405,0.5774491032844619,0.7301699443345858
3000,0.9,2.0,global-T4,10,10,0,0,0,30,10,0.6304241120372549,0.00545350569341193,0.6180874250705423,0.6427607990039675,10,4.3,0.14444444444444446,3.9732439653735923,4.626756034626407,10,0.8444444444444443,0.02456759103966964,0.7888686924013587,0.90002019648753,10,2174.9,0.9363047936792092,2172.7819314044164,2177.018068595584,10,4.885540000000001,0.04636196046089704,4.780661959062015,4.990418040937986,10,0.6584920634920636,0.03352824721109236,0.582645898907422,0.7343382280767051
3000,0.9,2.0,local-T2,10,10,0,0,0,30,10,0.6327359164754458,0.005572049483274285,0.6201310648253908,0.6453407681255008,10,4.2333333333333325,0.14948471163415236,3.8951754221813104,4.571491244485355,10,0.8222222222222222,0.02456759103966964,0.7666464701791366,0.8777979742653078,10,1120.4,0.30550504633038933,1119.7088995711729,1121.0911004288273,10,2.4867,0.02507720966224999,2.4299714105395487,2.543428589460451,10,0.6715873015873015,0.035776312979690354,0.5906556589217846,0.7525189442528184
3000,0.9,2.0,local-T4,10,10,0,0,0,30,10,0.6304082903709012,0.00544706213999825,0.6180861797346973,0.6427304010071051,10,4.3,0.14444444444444446,3.9732439653735923,4.626756034626407,10,0.8444444444444443,0.02456759103966964,0.7888686924013587,0.90002019648753,10,2174.9,0.9363047936792092,2172.7819314044164,2177.018068595584,10,4.85162,0.04303424682738158,4.754269770293813,4.948970229706187,10,0.6701587301587302,0.029331264194794912,0.6038068007665484,0.736510659550912
3000,0.9,2.0,loco-gated-B1,10,9,1,0,1,30,10,0.641127385230213,0.008352570171777979,0.6222325587883508,0.6600222116720751,10,4.0,0.23830678432808017,3.4609126008888262,4.539087399111174,10,0.7555555555555554,0.014814814814814807,0.7220421161066931,0.7890689950044177,10,591.0,0.0,591.0,591.0,10,1.55562,0.014842400225180713,1.5220441580174897,1.5891958419825103,10,0.5712698412698414,0.0384460897473128,0.48429874396637507,0.6582409385733077
3000,0.9,2.0,loco-matched-T2,10,10,0,0,0,30,10,0.6348079132553167,0.006069848270943993,0.6210769625121024,0.648538863998531,10,4.433333333333333,0.13193713430042128,4.134870799936566,4.731795866730099,10,0.7777777777777778,0.023424278964210215,0.7247883773355064,0.8307671782200492,10,1140.0,0.0,1140.0,1140.0,10,3.0155000000000003,0.02906708715292187,2.9497456805953384,3.081254319404662,10,0.6626190476190477,0.043398412604878464,0.56444501769085,0.7607930775472453
3000,0.9,2.0,loco-matched-T4,10,10,0,0,0,30,10,0.6335523569881104,0.005317408303843175,0.6215235437060489,0.6455811702701719,10,4.233333333333333,0.2111111111111111,3.755766821187046,4.710899845479621,10,0.7888888888888889,0.030765273566363237,0.719293004925294,0.8584847728524837,10,2238.0,0.0,2238.0,2238.0,10,5.98328,0.05845914204715023,5.851036233087001,6.1155237669129985,10,0.729047619047619,0.039405061620689165,0.6399071766518725,0.8181880614433656
3000,0.9,2.0,loco-ungated-B1,10,10,0,0,0,30,10,0.6349052131290401,0.005648958512051332,0.6221263811686534,0.6476840450894269,10,3.833333333333333,0.10243938285880982,3.6015993496466487,4.065067317020017,10,0.7888888888888888,0.0199450548412389,0.7437700402173771,0.8340077375604004,10,186.0,0.0,186.0,186.0,10,0.47104999999999997,0.00436310923794285,0.4611799611853165,0.4809200388146834,10,0.6522222222222223,0.03580544900327986,0.5712246692922469,0.7332197751521976
