n,rho,snr,contexts,control,seeds,valid,valid_fraction,compute_matched,local_passes,control_passes,local_wins,local_losses,ties,clears_minimum_effect,max_measured_imbalance,failure_reasons,qualified_recall_difference_n,qualified_recall_difference_mean,qualified_recall_difference_mcse,qualified_recall_difference_low,qualified_recall_difference_high,loss_difference_n,loss_difference_mean,loss_difference_mcse,loss_difference_low,loss_difference_high,size_difference_n,size_difference_mean,size_difference_mcse,size_difference_low,size_difference_high,jaccard_between_methods_n,jaccard_between_methods_mean,jaccard_between_methods_mcse,jaccard_between_methods_low,jaccard_between_methods_high
300,0.5,0.25,2,global,10,6,0.6,10,6,6,0,1,5,0,0.0,"{""both_failed_constraints"": 4}",6,-0.018518518518518517,0.01851851851851852,-0.06612188584511694,0.029084848808079905,10,0.0006867755032655687,0.015336437077256482,-0.03400665548285415,0.03538020648938529,10,-0.033333333333333326,0.07777777777777779,-0.2092788904398604,0.14261222377319374,10,0.8527777777777776,0.05038432540893627,0.7388005151611968,0.9667550403943584
300,0.5,0.25,2,loco-matched,10,5,0.5,10,6,6,1,1,3,1,0.018421052631578946,"{""both_failed_constraints"": 3, ""candidate_failed_constraints"": 1, ""comparator_failed_constraints"": 1}",5,-1.1102230246251566e-17,0.07027283689263063,-0.19510867401890722,0.19510867401890722,10,-0.02255888699516211,0.03658883322034417,-0.10532857814299257,0.06021080415266836,10,0.03333333333333335,0.07777777777777777,-0.14261222377319366,0.20927889043986037,10,0.6833333333333333,0.0683180249840619,0.5287872237674109,0.8378794428992558
300,0.5,0.25,4,global,10,4,0.4,10,4,5,0,2,2,0,0.0,"{""both_failed_constraints"": 5, ""candidate_failed_constraints"": 1}",4,-0.05555555555555554,0.0320750149549792,-0.15763256839094875,0.04652145727983768,10,0.0030100186075917358,0.022410277097754425,-0.047685550249386005,0.05370558746456948,10,-0.16666666666666669,0.10243938285880988,-0.3984006503533511,0.06506731702001772,10,0.8633333333333333,0.05898199022979611,0.7299068016589063,0.9967598650077603
300,0.5,0.25,4,loco-matched,10,4,0.4,10,4,7,0,0,4,0,0.030831099195710455,"{""both_failed_constraints"": 3, ""candidate_failed_constraints"": 3}",4,0.0,0.0,0.0,0.0,10,-0.013888682207356595,0.040509370858905866,-0.10552724565627937,0.07774988124156619,10,-0.4,0.18459164139817943,-0.8175753037815693,0.01757530378156924,10,0.4733333333333333,0.09465046519914345,0.25921910552090865,0.6874475611457579
300,0.5,2.0,2,global,10,1,0.1,10,2,3,0,0,1,0,0.0,"{""both_failed_constraints"": 6, ""candidate_failed_constraints"": 2, ""comparator_failed_constraints"": 1}",1,0.0,,,,10,0.029314978555775084,0.01844807739855657,-0.012417471871225334,0.0710474289827755,10,-0.19999999999999996,0.24944382578492935,-0.7642811372151654,0.36428113721516553,10,0.8427777777777777,0.04860925922398454,0.7328159938459264,0.952739561709629
300,0.5,2.0,2,loco-matched,10,1,0.1,10,2,7,0,0,1,0,0.018421052631578946,"{""both_failed_constraints"": 2, ""candidate_failed_constraints"": 6, ""comparator_failed_constraints"": 1}",1,0.0,,,,10,0.0786833839594262,0.02127432202265905,0.030557524012192437,0.12680924390665996,10,-1.0333333333333332,0.31603250340728645,-1.7482485245931745,-0.31841814207349206,10,0.5595238095238095,0.05451918194410502,0.4361928515790538,0.6828547674685652
300,0.5,2.0,4,global,10,3,0.3,10,4,5,1,0,2,1,0.0,"{""both_failed_constraints"": 4, ""candidate_failed_constraints"": 2, ""comparator_failed_constraints"": 1}",3,0.07407407407407407,0.07407407407407407,-0.24464094294440458,0.3927890910925527,10,0.005537178645169738,0.01104542646150818,-0.019449311940891823,0.030523669231231298,10,-0.2666666666666667,0.23200681130912332,-0.7915025366875716,0.2581692033542382,10,0.8744444444444444,0.032806536870783026,0.8002309020755991,0.9486579868132896
300,0.5,2.0,4,loco-matched,10,3,0.3,10,4,6,1,0,2,1,0.030831099195710455,"{""both_failed_constraints"": 3, ""candidate_failed_constraints"": 3, ""comparator_failed_constraints"": 1}",3,0.07407407407407407,0.07407407407407407,-0.24464094294440458,0.3927890910925527,10,0.03317493587440534,0.01653824040932691,-0.00423716312763224,0.07058703487644293,10,-0.5666666666666667,0.1927705730321941,-1.002743999228159,-0.13058933410517426,10,0.6555555555555556,0.03370166864022912,0.5793170844428096,0.7317940266683015
300,0.9,0.25,2,global,10,8,0.8,10,9,8,1,0,7,1,0.0,"{""both_failed_constraints"": 1, ""comparator_failed_constraints"": 1}",8,0.013888888888888888,0.013888888888888886,-0.018953114605455325,0.0467308923832331,10,-0.003595300132004553,0.012113966740685404,-0.03099899676434526,0.023808396500336157,10,-0.09999999999999995,0.2333333333333333,-0.6278366713195811,0.42783667131958114,10,0.8011111111111111,0.06860255107295515,0.645921358815196,0.9563008634070262
300,0.9,0.25,2,loco-matched,10,1,0.1,10,9,1,0,0,1,0,0.018421052631578946,"{""both_failed_constraints"": 1, ""comparator_failed_constraints"": 8}",1,0.0,,,,10,-0.3398828156044164,0.04818393834405691,-0.44888245686125183,-0.230883174347581,10,-0.36666666666666664,0.3081205471969344,-1.0636837695135142,0.33035043618018084,10,0.29095238095238096,0.058492440394211156,0.15863328794506915,0.4232714739596928
300,0.9,0.25,4,global,10,7,0.7,10,7,8,1,0,6,1,0.0,"{""both_failed_constraints"": 2, ""candidate_failed_constraints"": 1}",7,0.015873015873015872,0.015873015873015872,-0.02296685478007903,0.054712886526110775,10,0.07241320745041166,0.052736180026445124,-0.0468843199350268,0.1917107348358501,10,0.033333333333333305,0.18223577185396359,-0.3789126232841699,0.44557928995083657,10,0.7522222222222222,0.05795556691660875,0.6211176213977851,0.8833268230466593
300,0.9,0.25,4,loco-matched,10,3,0.3,10,7,3,1,1,1,1,0.030831099195710455,"{""both_failed_constraints"": 3, ""comparator_failed_constraints"": 4}",3,0.037037037037037035,0.09799078929868854,-0.38458330002926955,0.4586573741033436,10,-0.3699104164233898,0.07593762004942599,-0.5416932475440474,-0.19812758530273222,10,-0.16666666666666666,0.27329719724997426,-0.7849078789983698,0.4515745456650365,10,0.2865079365079365,0.05894913654896417,0.15315572502292774,0.41986014799294524
300,0.9,2.0,2,global,10,3,0.3,10,3,4,2,1,0,2,0.0,"{""both_failed_constraints"": 6, ""candidate_failed_constraints"": 1}",3,3.700743415417188e-17,0.11111111111111112,-0.47807252552771795,0.47807252552771806,10,-0.0017212987558587356,0.01156378863472847,-0.02788040604499422,0.024437808533276748,10,-0.2000000000000001,0.3520662115056635,-0.9964291021367645,0.5964291021367644,10,0.8272222222222222,0.05687597509678298,0.6985598277659022,0.9558846166785422
300,0.9,2.0,2,loco-matched,10,2,0.2,10,3,4,1,1,0,1,0.018421052631578946,"{""both_failed_constraints"": 5, ""candidate_failed_constraints"": 2, ""comparator_failed_constraints"": 1}",2,-0.055555555555555525,0.27777777777777773,-3.5850568711596367,3.473945760048526,10,0.00429174739705458,0.014781656000946372,-0.029146681603505326,0.03773017639761449,10,-0.5666666666666667,0.3785938897200182,-1.4231055460884394,0.2897722127551061,10,0.44873015873015865,0.05082549707128619,0.3337548964775694,0.5637054209827479
300,0.9,2.0,4,global,10,5,0.5,10,5,5,0,1,4,0,0.0,"{""both_failed_constraints"": 5}",5,-0.04444444444444444,0.04444444444444443,-0.16784200467545746,0.07895311578656856,10,-6.336439269748473e-05,0.004683196629849371,-0.010657491193703654,0.010530762408308683,10,-0.26666666666666666,0.17069212773041353,-0.6527990860452877,0.11946575271195442,10,0.8805555555555555,0.029000851413640418,0.8149510718029425,0.9461600393081686
300,0.9,2.0,4,loco-matched,10,2,0.2,10,5,3,0,1,1,0,0.030831099195710455,"{""both_failed_constraints"": 4, ""candidate_failed_constraints"": 1, ""comparator_failed_constraints"": 3}",2,-0.1111111111111111,0.11111111111111109,-1.5229116373527436,1.3006894151305213,10,-0.00398952154974338,0.013617952707120991,-0.03479547080880434,0.026816427709317574,10,-0.5999999999999999,0.2973130702279922,-1.2725688914097781,0.0725688914097784,10,0.5684920634920635,0.040629968627382364,0.47658068893736416,0.6604034380467628
1000,0.5,0.25,2,global,10,5,0.5,10,5,6,1,0,4,1,0.0,"{""both_failed_constraints"": 4, ""candidate_failed_constraints"": 1}",5,0.04444444444444444,0.04444444444444443,-0.07895311578656856,0.16784200467545746,10,0.008521250568964956,0.008568768172321705,-0.010862649728409873,0.027905150866339785,10,0.3,0.21343747458109494,-0.18282911193318369,0.7828291119331836,10,0.875,0.04815705045905867,0.7660611833648059,0.9839388166351941
1000,0.5,0.25,2,loco-matched,10,5,0.5,10,5,6,1,1,3,1,0.018421052631578946,"{""both_failed_constraints"": 4, ""candidate_failed_constraints"": 1}",5,0.02222222222222222,0.05443310539518173,-0.12890830681294568,0.17335275125739014,10,0.020151744627998004,0.01235991065882818,-0.007808315800416042,0.04811180505641205,10,-0.13333333333333336,0.16629588385661961,-0.5095207581434438,0.24285409147677706,10,0.6918253968253969,0.07256397715267074,0.5276742761483575,0.8559765175024363
1000,0.5,0.25,4,global,10,6,0.6,10,6,6,0,1,5,0,0.0,"{""both_failed_constraints"": 4}",6,-0.018518518518518517,0.018518518518518517,-0.06612188584511694,0.029084848808079898,10,-0.001613091942430689,0.0070713042227916675,-0.017609493440344053,0.014383309555482674,10,0.16666666666666669,0.15112745009706047,-0.1752073770658269,0.5085407103991603,10,0.9188888888888889,0.026965913554470214,0.8578877543902469,0.9798900233875308
1000,0.5,0.25,4,loco-matched,10,5,0.5,10,6,6,1,0,4,1,0.030831099195710455,"{""both_failed_constraints"": 3, ""candidate_failed_constraints"": 1, ""comparator_failed_constraints"": 1}",5,0.022222222222222233,0.022222222222222233,-0.03947655789328432,0.08392100233772878,10,-0.008112748457803853,0.019149514490876096,-0.051431959827447235,0.03520646291183953,10,-0.2666666666666666,0.197515431495902,-0.7134776147882995,0.18014428145496625,10,0.6625396825396825,0.06134016488585838,0.523778589175915,0.8013007759034501
1000,0.5,2.0,2,global,10,8,0.8,10,9,9,3,2,3,3,0.0,"{""candidate_failed_constraints"": 1, ""comparator_failed_constraints"": 1}",8,0.013888888888888895,0.03278315801956013,-0.06363096160796146,0.09140873938573925,10,0.0001379302812714922,0.005847021566405973,-0.01308895143620936,0.013364811998752344,10,0.09999999999999995,0.1319371343004213,-0.19846253339676687,0.39846253339676674,10,0.9027777777777779,0.019966535789673917,0.8576103358249003,0.9479452197306555
1000,0.5,2.0,2,loco-matched,10,9,0.9,10,9,10,2,2,5,2,0.018421052631578946,"{""candidate_failed_constraints"": 1}",9,0.012345679012345697,0.0343689158199384,-0.06690918299091614,0.09160054101560752,10,-0.0004062180807618776,0.005110210810728536,-0.011966318069660257,0.011153881908136501,10,-4.4408920985006264e-17,0.17213259316477408,-0.38939097857872307,0.38939097857872296,10,0.8522222222222222,0.039589803456482435,0.7626638647593673,0.9417805796850771
1000,0.5,2.0,4,global,10,7,0.7,10,7,8,0,0,7,0,0.0,"{""both_failed_constraints"": 2, ""candidate_failed_constraints"": 1}",7,0.0,0.0,0.0,0.0,10,0.0026759509276553795,0.0031877690554581585,-0.0045352836744957615,0.009887185529806521,10,0.0,0.04969039949999528,-0.11240749315121866,0.11240749315121866,10,0.9583333333333333,0.02785483140090986,0.8953213269612287,1.021345339705438
1000,0.5,2.0,4,loco-matched,10,7,0.7,10,7,9,1,3,3,1,0.030831099195710455,"{""both_failed_constraints"": 1, ""candidate_failed_constraints"": 2}",7,-0.03174603174603176,0.0526448379421492,-0.16056330960828347,0.09707124611621996,10,0.010321731515809762,0.006907281606559843,-0.005303625045933879,0.0259470880775534,10,-0.2666666666666667,0.20964402515681338,-0.7409143998129992,0.20758106647966573,10,0.7472222222222222,0.03685371296249653,0.6638533314684016,0.8305911129760428
1000,0.9,0.25,2,global,10,5,0.5,10,5,5,0,1,4,0,0.0,"{""both_failed_constraints"": 5}",5,-0.02222222222222222,0.022222222222222216,-0.08392100233772873,0.03947655789328428,10,-0.016198160962712472,0.015316588056063599,-0.05084669034336617,0.01845036841794123,10,-0.03333333333333337,0.10482201257840673,-0.2704571999064997,0.20379053323983293,10,0.9288888888888888,0.0313920297783957,0.8578751838709164,0.9999025939068611
1000,0.9,0.25,2,loco-matched,10,4,0.4,10,5,6,1,2,1,1,0.018421052631578946,"{""both_failed_constraints"": 3, ""candidate_failed_constraints"": 2, ""comparator_failed_constraints"": 1}",4,-0.08333333333333333,0.09487917375888516,-0.38528120931066834,0.2186145426440017,10,-0.00893599274202037,0.026531288138144746,-0.06895393624198755,0.05108195075794681,10,-0.8333333333333334,0.34156502553198664,-1.6060071024018687,-0.060659564264798016,10,0.4311111111111111,0.04378719269569694,0.332057599515715,0.5301646227065072
1000,0.9,0.25,4,global,10,6,0.6,10,6,6,0,1,5,0,0.0,"{""both_failed_constraints"": 4}",6,-0.018518518518518517,0.018518518518518517,-0.06612188584511694,0.029084848808079898,10,-0.002101047624399932,0.0021658618291643733,-0.0070005674748753405,0.0027984722260754767,10,-0.06666666666666668,0.10886621079036346,-0.3129391451927866,0.17960581185945323,10,0.9299206349206349,0.026213193610744503,0.8706222712342732,0.9892189986069967
1000,0.9,0.25,4,loco-matched,10,4,0.4,10,6,5,0,2,2,0,0.030831099195710455,"{""both_failed_constraints"": 3, ""candidate_failed_constraints"": 1, ""comparator_failed_constraints"": 2}",4,-0.08333333333333331,0.053190394875352105,-0.2526089089809791,0.08594224231431247,10,-0.029292870321638454,0.02978571158651729,-0.09667283113612002,0.03808709049284312,10,-0.2333333333333334,0.2856657807151653,-0.8795542253444859,0.4128875586778191,10,0.4716666666666667,0.06452554496756123,0.3256997429348404,0.617633590398493
1000,0.9,2.0,2,global,10,10,1.0,10,10,10,1,0,9,1,0.0,{},10,0.011111111111111105,0.011111111111111105,-0.0140239684755356,0.03624619069775781,10,0.0010044472681751348,0.0032059000634897,-0.006247802523663309,0.00825669706001358,10,0.033333333333333305,0.09229582069908969,-0.17545431855745128,0.24212098522411787,10,0.9042063492063492,0.02658698570451219,0.8440624090576735,0.964350289355025
1000,0.9,2.0,2,loco-matched,10,7,0.7,10,10,7,3,1,3,3,0.018421052631578946,"{""comparator_failed_constraints"": 3}",7,0.015873015873015848,0.06608463490368675,-0.1458302604514044,0.1775762921974361,10,-0.021786731735001987,0.0071206385075974,-0.037894735138660166,-0.0056787283313438075,10,-0.10000000000000005,0.22798093920759097,-0.6157287146099141,0.41572871460991395,10,0.5228174603174602,0.024443732238416466,0.46752189634880503,0.5781130242861154
1000,0.9,2.0,4,global,10,10,1.0,10,10,10,2,2,6,2,0.0,{},10,-1.1102230246251566e-17,0.02342427896421021,-0.05298940044227146,0.052989400442271434,10,0.0019783228218130167,0.001661198409302033,-0.0017795690586185613,0.005736214702244595,10,-0.033333333333333305,0.13562839573037444,-0.34014608021362935,0.2734794135469627,10,0.9261904761904762,0.025939150066508338,0.8675120420706268,0.9848689103103256
1000,0.9,2.0,4,loco-matched,10,10,1.0,10,10,10,3,4,3,3,0.030831099195710455,{},10,-0.011111111111111105,0.042065987746668684,-0.10627098660241918,0.08404876438019698,10,-0.0006255545466993473,0.004028556506035529,-0.00973878250256493,0.008487673409166235,10,-0.29999999999999993,0.29165343885348194,-0.9597659157571323,0.35976591575713246,10,0.6490079365079365,0.034782940109348744,0.5703234593963923,0.7276924136194808
3000,0.5,0.25,2,global,10,3,0.3,10,3,3,1,0,2,1,0.0,"{""both_failed_constraints"": 7}",3,0.037037037037037056,0.03703703703703706,-0.12232047147220237,0.1963945455462765,10,-0.006524651683163363,0.005426874762467844,-0.018801095298688803,0.0057517919323620765,10,0.033333333333333305,0.13562839573037447,-0.27347941354696276,0.3401460802136294,10,0.9216666666666666,0.02961168438052539,0.8546803827427414,0.9886529505905919
3000,0.5,0.25,2,loco-matched,10,3,0.3,10,3,6,0,1,2,0,0.018421052631578946,"{""both_failed_constraints"": 4, ""candidate_failed_constraints"": 3}",3,-0.037037037037037014,0.03703703703703702,-0.19639454554627628,0.12232047147220226,10,0.01844382016092023,0.015075617313225972,-0.01565959552779853,0.052547235849638996,10,-0.06666666666666668,0.17777777777777773,-0.4688279400530141,0.3354946067196808,10,0.8299999999999998,0.03718673451103181,0.7458777621647941,0.9141222378352056
3000,0.5,0.25,4,global,10,4,0.4,10,5,4,0,0,4,0,0.0,"{""both_failed_constraints"": 5, ""comparator_failed_constraints"": 1}",4,0.0,0.0,0.0,0.0,10,-0.008178163536435079,0.00715401647077071,-0.024361673138565375,0.008005346065695217,10,0.10000000000000002,0.05091750772173156,-0.015183404804547926,0.21518340480454795,10,0.9666666666666666,0.01842569327975222,0.9249848526343524,1.0083484806989809
3000,0.5,0.25,4,loco-matched,10,5,0.5,10,5,6,1,0,4,1,0.030831099195710455,"{""both_failed_constraints"": 4, ""candidate_failed_constraints"": 1}",5,0.02222222222222222,0.022222222222222216,-0.03947655789328428,0.08392100233772873,10,-0.001981964953658988,0.005416325350932759,-0.01423454414231703,0.010270614234999054,10,0.1,0.1319371343004213,-0.1984625333967668,0.39846253339676685,10,0.8411111111111111,0.041476520867410584,0.7472847023429491,0.9349375198792732
3000,0.5,2.0,2,global,10,10,1.0,10,10,10,1,0,9,1,0.0,{},10,0.011111111111111117,0.011111111111111115,-0.014023968475535612,0.03624619069775785,10,0.0013720568247614251,0.0006865797388175726,-0.00018109444923686746,0.0029252080987597177,10,-0.1,0.0867805519545184,-0.29631124719549556,0.09631124719549555,10,0.9522222222222222,0.016875238147991883,0.9140477813718169,0.9903966630726275
3000,0.5,2.0,2,loco-matched,10,10,1.0,10,10,10,5,1,4,5,0.018421052631578946,{},10,0.04444444444444444,0.02456759103966962,-0.011131307598641192,0.10002019648753008,10,0.0014906325200364056,0.001120235873492836,-0.0010435170852089173,0.004024782125281729,10,0.03333333333333335,0.07777777777777777,-0.14261222377319366,0.20927889043986037,10,0.8172222222222221,0.04781544596077698,0.7090561686496599,0.9253882757947842
3000,0.5,2.0,4,global,10,10,1.0,10,10,10,1,0,9,1,0.0,{},10,0.011111111111111117,0.011111111111111115,-0.014023968475535612,0.03624619069775785,10,-0.0001749439766878802,0.00044475061615164847,-0.0011810397686742467,0.0008311518152984863,10,0.033333333333333305,0.0333333333333333,-0.04207190542660678,0.1087385720932734,10,0.9822222222222223,0.012306109426545302,0.9543838686367844,1.0100605758076604
3000,0.5,2.0,4,loco-matched,10,9,0.9,10,10,9,2,2,5,2,0.030831099195710455,"{""comparator_failed_constraints"": 1}",9,-1.2335811384723961e-17,0.026189140043946207,-0.060392265238780975,0.06039226523878095,10,-0.0014746522167169319,0.0024620508543843184,-0.007044198192135857,0.004094893758701994,10,0.0,0.09938079899999065,-0.22481498630243754,0.22481498630243754,10,0.8422222222222222,0.04422941811296863,0.7421683272315736,0.9422761172128709
3000,0.9,0.25,2,global,10,2,0.2,10,2,3,0,1,1,0,0.0,"{""both_failed_constraints"": 7, ""candidate_failed_constraints"": 1}",2,-0.05555555555555558,0.05555555555555558,-0.7614558186763722,0.6503447075652611,10,0.004684759855128995,0.004486670633979263,-0.005464794256643558,0.014834313966901547,10,0.0666666666666667,0.08314794192830978,-0.12142704573838846,0.25476037907172183,10,0.9084920634920634,0.03666747786882195,0.8255444657893631,0.9914396611947636
3000,0.9,0.25,2,loco-matched,10,1,0.1,10,2,2,0,0,1,0,0.018421052631578946,"{""both_failed_constraints"": 7, ""candidate_failed_constraints"": 1, ""comparator_failed_constraints"": 1}",1,0.0,,,,10,-0.0022302904299396076,0.009243293177264755,-0.02314007229873285,0.018679491438853633,10,-0.03333333333333337,0.22470831573507424,-0.5416588593137521,0.4749921926470854,10,0.6572222222222222,0.06704650025287763,0.5055525014346234,0.8088919430098209
3000,0.9,0.25,4,global,10,3,0.3,10,4,3,0,0,3,0,0.0,"{""both_failed_constraints"": 6, ""comparator_failed_constraints"": 1}",3,0.0,0.0,0.0,0.0,10,-0.0023547389699603016,0.002243419862358353,-0.007429707280758013,0.0027202293408374097,10,0.033333333333333326,0.059835164523716726,-0.10202321268120151,0.16868987934786817,10,0.9738888888888889,0.013709958532503414,0.9428748079929199,1.004902969784858
3000,0.9,0.25,4,loco-matched,10,2,0.2,10,4,2,0,1,1,0,0.030831099195710455,"{""both_failed_constraints"": 6, ""comparator_failed_constraints"": 2}",2,-0.055555555555555525,0.05555555555555552,-0.7614558186763714,0.6503447075652604,10,-0.02212354800926608,0.009833993209978074,-0.04436958618812689,0.00012249016959473003,10,-0.4,0.28458329944145994,-1.043772149244245,0.24377214924424495,10,0.5565873015873015,0.045711813143498876,0.4531799960602424,0.6599946071143606
3000,0.9,2.0,2,global,10,10,1.0,10,10,10,2,2,6,2,0.0,{},10,0.0,0.02342427896421023,-0.05298940044227148,0.05298940044227148,10,0.00036197756988343155,0.001479943951791277,-0.002985888241201087,0.00370984338096795,10,0.06666666666666674,0.12957670877434002,-0.22645621321902357,0.35978954655235706,10,0.9382539682539683,0.018799754121212767,0.8957259698098218,0.9807819666981149
3000,0.9,2.0,2,loco-matched,10,10,1.0,10,10,10,3,1,6,3,0.018421052631578946,{},10,0.04444444444444444,0.03777051491550212,-0.04099839641423511,0.129887285303124,10,-0.0020719967798709105,0.0029384044204485995,-0.008719129386786617,0.0045751358270447965,10,-0.20000000000000004,0.18724777273725238,-0.6235838903155859,0.22358389031558587,10,0.7012301587301587,0.034584038464663056,0.6229956283988325,0.7794646890614849
3000,0.9,2.0,4,global,10,10,1.0,10,10,10,0,0,10,0,0.0,{},10,0.0,0.0,0.0,0.0,10,-1.58216663537325e-05,0.00016776824695090097,-0.00039533980788381126,0.00036369647517634624,10,0.0,0.04969039949999528,-0.11240749315121866,0.11240749315121866,10,0.9755555555555556,0.018279944710004537,0.9342034476942637,1.0169076634168475
3000,0.9,2.0,4,loco-matched,10,10,1.0,10,10,10,6,1,3,6,0.030831099195710455,{},10,0.055555555555555546,0.024845199749997663,-0.0006481910200538399,0.11175930213116493,10,-0.003144066617209329,0.001773806793991995,-0.00715669636165844,0.0008685631272397822,10,0.06666666666666657,0.16329931618554522,-0.3027420511225134,0.4360753844558465,10,0.7455555555555555,0.03034385768251257,0.6769129805521303,0.8141981305589807
