n,rho,snr,contexts,seeds,both_valid,recovered,lost,neither_valid,one_se_valid,argmin_valid,validity_difference_n,validity_difference_mean,validity_difference_mcse,validity_difference_low,validity_difference_high,common_one_se_recall_effect_n,common_one_se_recall_effect_mean,common_one_se_recall_effect_mcse,common_one_se_recall_effect_low,common_one_se_recall_effect_high,common_argmin_recall_effect_n,common_argmin_recall_effect_mean,common_argmin_recall_effect_mcse,common_argmin_recall_effect_low,common_argmin_recall_effect_high,common_recall_effect_change_n,common_recall_effect_change_mean,common_recall_effect_change_mcse,common_recall_effect_change_low,common_recall_effect_change_high,gated_loss_change_n,gated_loss_change_mean,gated_loss_change_mcse,gated_loss_change_low,gated_loss_change_high,gated_size_change_n,gated_size_change_mean,gated_size_change_mcse,gated_size_change_low,gated_size_change_high,ungated_loss_change_n,ungated_loss_change_mean,ungated_loss_change_mcse,ungated_loss_change_low,ungated_loss_change_high,ungated_size_change_n,ungated_size_change_mean,ungated_size_change_mcse,ungated_size_change_low,ungated_size_change_high
300,0.5,0.25,2,10,6,0,1,3,7,6,10,-0.1,0.09999999999999999,-0.3262157162798205,0.12621571627982048,6,0.018518518518518517,0.01851851851851852,-0.029084848808079905,0.06612188584511694,6,-0.018518518518518517,0.03414646095293661,-0.10629479079540205,0.06925775375836501,6,-0.037037037037037035,0.023424278964210208,-0.09725106305531361,0.02317698898123955,10,0.010946381524049809,0.013604249256908651,-0.019828568376958254,0.04172133142505787,10,0.7666666666666666,0.1795054935711501,0.3605970286230623,1.1727363047102708,10,-0.03813474998835629,0.03955035145034941,-0.12760386081295058,0.051334360836238,10,1.2999999999999998,0.21914536581462238,0.804258741028419,1.7957412589715807
300,0.5,0.25,4,10,6,1,0,3,6,7,10,0.1,0.09999999999999999,-0.12621571627982048,0.3262157162798205,6,0.0,0.05737753105492468,-0.14749363910344793,0.14749363910344793,6,0.0,0.04057204129667896,-0.10429375239192937,0.10429375239192937,6,0.0,0.040572041296678976,-0.10429375239192941,0.10429375239192941,10,-0.06446871062457271,0.01858909189337756,-0.1065201580010908,-0.02241726324805462,10,0.8666666666666666,0.23412563895228303,0.3370376755160531,1.39629565781728,10,-0.05672155685822098,0.03282409886494202,-0.13097482721794598,0.01753171350150403,10,1.1,0.19907192074632127,0.6496680285717129,1.5503319714282873
300,0.5,2.0,2,10,4,5,0,1,4,9,10,0.5,0.16666666666666666,0.12297380620029918,0.8770261937997008,4,0.027777777777777762,0.053190394875352126,-0.14149779786986807,0.1970533534254236,4,-1.3877787807814457e-17,0.04536092116265145,-0.14435869595834566,0.14435869595834566,4,-0.027777777777777776,0.08333333333333334,-0.2929816365514201,0.23742608099586454,10,-0.04634214456679818,0.02205685825204782,-0.09623822445049285,0.0035539353168964893,10,1.0,0.27666443551086073,0.3741415655175844,1.6258584344824156,10,-0.06539001923511563,0.023234318193531275,-0.11794969855934505,-0.01283033991088621,10,1.4666666666666668,0.30711722135745007,0.7719192445542293,2.1614140887791042
300,0.5,2.0,4,10,3,6,0,1,3,9,10,0.6,0.16329931618554522,0.23059128221082004,0.9694087177891799,3,-0.037037037037037014,0.03703703703703702,-0.19639454554627628,0.12232047147220226,3,0.037037037037037035,0.037037037037037035,-0.12232047147220229,0.19639454554627636,3,0.07407407407407406,0.03703703703703703,-0.08528343443516524,0.23343158258331337,10,-0.05078367800496447,0.018361788528569074,-0.0923209294466529,-0.009246426563276032,10,1.3333333333333335,0.23306863292670038,0.8060954559346126,1.8605712107320542,10,-0.06729664401238868,0.023262496172159752,-0.1199200663528057,-0.014673221671971666,10,1.1666666666666665,0.3342579768109183,0.41052259020141146,1.9228107431319215
300,0.9,0.25,2,10,6,0,2,2,8,6,10,-0.2,0.13333333333333333,-0.5016209550397607,0.10162095503976065,6,0.018518518518518517,0.034146460952936615,-0.06925775375836503,0.10629479079540206,6,0.07407407407407406,0.04684855792842042,-0.04635397796247913,0.19450212611062723,6,0.055555555555555546,0.06252571487457087,-0.10517191136119167,0.21628302247230277,10,0.02864204651821791,0.021753611505514824,-0.02056804156571189,0.07785213460214771,10,1.2,0.26387426860084257,0.6030749332064665,1.7969250667935333,10,-0.001358692461133293,0.015689104951417,-0.03684991360487404,0.03413252868260745,10,0.8333333333333334,0.2180157430038731,0.3401474586943492,1.3265192079723176
300,0.9,0.25,4,10,8,0,0,2,8,8,10,0.0,0.0,0.0,0.0,8,0.027777777777777776,0.018184824186332698,-0.015222498504175536,0.07077805405973109,8,0.013888888888888888,0.013888888888888886,-0.018953114605455325,0.0467308923832331,8,-0.013888888888888888,0.02517574908819349,-0.07342007573484613,0.04564229795706836,10,-0.048072822189770825,0.027319710410446358,-0.10987430078033475,0.013728656400793092,10,1.1333333333333333,0.28631330503833613,0.48564763953643386,1.7810190271302329,10,-0.02456575281765061,0.011663354222671325,-0.050950093114719236,0.0018185874794180157,10,0.9333333333333333,0.20964402515681338,0.4590856001870009,1.4075810664796657
300,0.9,2.0,2,10,3,3,0,4,3,6,10,0.3,0.15275252316519466,-0.04555021441364382,0.6455502144136438,3,-0.1851851851851852,0.03703703703703702,-0.3445426936944245,-0.025827676675945932,3,0.037037037037037056,0.07407407407407406,-0.28167797998144156,0.35575205405551563,3,0.22222222222222224,0.06415002990995843,-0.05379307908337003,0.4982375235278145,10,-0.020050149376417692,0.00577999139479912,-0.03312539831107451,-0.006974900441760875,10,1.4,0.20367003088692623,0.9392663807818081,1.8607336192181916,10,-0.014014253379135944,0.008139081171246135,-0.03242613414926639,0.004397627390994504,10,0.9333333333333336,0.23200681130912332,0.40849746331242864,1.4581692033542386
300,0.9,2.0,4,10,4,5,0,1,4,9,10,0.5,0.16666666666666666,0.12297380620029918,0.8770261937997008,4,0.027777777777777762,0.053190394875352126,-0.14149779786986807,0.1970533534254236,4,0.055555555555555525,0.03207501495497919,-0.04652145727983768,0.15763256839094875,4,0.027777777777777762,0.0699058744006551,-0.194693913926214,0.2502494694817695,10,-0.042257019805139504,0.01803724244567923,-0.08306009700076059,-0.0014539426095184216,10,1.3999999999999997,0.339934634239519,0.6310144322718839,2.1689855677281153,10,-0.02509621039859622,0.007530469578136201,-0.042131316094011,-0.008061104703181436,10,1.2333333333333332,0.22249982660556428,0.7300037568561973,1.7366629098104691
1000,0.5,0.25,2,10,5,3,0,2,5,8,10,0.3,0.15275252316519466,-0.04555021441364382,0.6455502144136438,5,-0.04444444444444445,0.027216552697590872,-0.12000970896202844,0.03112082007313953,5,-0.04444444444444447,0.04444444444444443,-0.16784200467545746,0.07895311578656854,5,-1.1102230246251566e-17,0.04969039949999531,-0.13796266646708485,0.13796266646708485,10,-0.061126435739826145,0.027175964477204537,-0.12260273843788397,0.00034986695823167185,10,1.2,0.31111111111111106,0.4962177715738919,1.903782228426108,10,-0.06915342911699449,0.025697342611942443,-0.1272848567714796,-0.01102200146250936,10,1.2333333333333334,0.3222222222222222,0.5044160253205786,1.9622506413460883
1000,0.5,0.25,4,10,5,3,0,2,5,8,10,0.3,0.15275252316519466,-0.04555021441364382,0.6455502144136438,5,0.02222222222222222,0.022222222222222216,-0.03947655789328428,0.08392100233772873,5,0.02222222222222221,0.0415739709641549,-0.09320562596484083,0.13765007040928526,5,-1.1102230246251566e-17,0.035136418446315314,-0.09755433700945362,0.0975543370094536,10,-0.05734839065790185,0.026164778912999946,-0.11653723268897612,0.0018404513731724095,10,1.3,0.3,0.6213528511605386,1.9786471488394615,10,-0.07056957402713566,0.03256408023217851,-0.1442346413742937,0.0030954933200223744,10,1.0666666666666667,0.2973130702279922,0.3940977752568884,1.739235558076445
1000,0.5,2.0,2,10,9,1,0,0,9,10,10,0.1,0.09999999999999999,-0.12621571627982048,0.3262157162798205,9,-0.01234567901234566,0.028953183702613752,-0.07911184035789884,0.054420482333207516,9,-0.037037037037037056,0.03703703703703704,-0.12244459760015433,0.04837052352608021,9,-0.024691358024691395,0.035993530215094445,-0.10769258754129528,0.05830987149191248,10,-0.01960652647304546,0.004306363442002034,-0.029348197378982692,-0.009864855567108227,10,1.5999999999999996,0.20964402515681338,1.1257522668536672,2.0742477331463323,10,-0.02034035696333193,0.003496922379305516,-0.028250944971427244,-0.012429768955236615,10,1.8333333333333328,0.1808757844011078,1.424163882073623,2.2425027845930425
1000,0.5,2.0,4,10,10,0,0,0,10,10,10,0.0,0.0,0.0,0.0,10,-1.1102230246251566e-17,0.02342427896421021,-0.05298940044227146,0.052989400442271434,10,-0.02222222222222222,0.03228814032252351,-0.09526307012625232,0.05081862568180787,10,-0.02222222222222221,0.0398901096824778,-0.1124599195652454,0.06801547512080097,10,-0.019405701780792806,0.0053167278033948205,-0.031432975663890764,-0.007378427897694847,10,1.3333333333333335,0.2854496128592251,0.6876014469858629,1.979065219680804,10,-0.020081895493786316,0.004369990288315686,-0.029967500325858237,-0.010196290661714394,10,1.8,0.20000000000000004,1.347568567440359,2.252431432559641
1000,0.9,0.25,2,10,7,1,0,2,7,8,10,0.1,0.09999999999999999,-0.12621571627982048,0.3262157162798205,7,-7.93016446160826e-18,0.03428963332490931,-0.0839037101541364,0.08390371015413638,7,-0.031746031746031765,0.03994621394323148,-0.12949089605209768,0.06599883256003414,7,-0.03174603174603176,0.020491975376758825,-0.08188808914879403,0.018396025656730507,10,-0.025029990613923393,0.01360256168838804,-0.055801122969714845,0.005741141741868055,10,1.3333333333333335,0.24343224778007377,0.7826513303615722,1.8840153363050947,10,-0.025829144330077013,0.008766634882264873,-0.04566065022262909,-0.0059976384375249325,10,1.6666666666666665,0.3103164454170875,0.9646820969323238,2.3686512364010093
1000,0.9,0.25,4,10,7,2,0,1,7,9,10,0.2,0.13333333333333333,-0.10162095503976065,0.5016209550397607,7,0.07936507936507935,0.03174603174603173,0.0016853380588895822,0.15704482067126913,7,0.015873015873015872,0.05649247752397519,-0.12235909688094038,0.15410512862697212,7,-0.06349206349206347,0.04098395075351763,-0.16377617829758795,0.036792051313461,10,-0.04017390054739032,0.016508313210309454,-0.07751829952180808,-0.0028295015729725564,10,1.2333333333333332,0.23333333333333328,0.7054966620137522,1.7611700046529142,10,-0.043059700290935685,0.018275680917903353,-0.08440216278438523,-0.001717237797486143,10,1.8,0.31111111111111106,1.096217771573892,2.503782228426108
1000,0.9,2.0,2,10,10,0,0,0,10,10,10,0.0,0.0,0.0,0.0,10,0.02222222222222222,0.04319223625811334,-0.07548540440634122,0.11992984885078564,10,0.022222222222222244,0.049135182079339264,-0.08892928186394906,0.13337372630839356,10,2.2204460492503132e-17,0.046848557928420444,-0.10597880088454291,0.10597880088454296,10,-0.023069184942507193,0.006462371597598759,-0.03768808514067891,-0.008450284744335481,10,1.0666666666666669,0.17069212773041345,0.680534247288046,1.4527990860452877,10,-0.012339587009963682,0.004675671779070265,-0.02291669141588091,-0.0017624826040464562,10,1.2000000000000002,0.13333333333333333,0.8983790449602396,1.5016209550397608
1000,0.9,2.0,4,10,10,0,0,0,10,10,10,0.0,0.0,0.0,0.0,10,0.07777777777777777,0.03722176155970699,-0.006423696746480287,0.1619792523020358,10,0.03333333333333335,0.03333333333333335,-0.04207190542660685,0.10873857209327353,10,-0.04444444444444442,0.02456759103966962,-0.10002019648753005,0.011131307598641213,10,-0.009414633798007244,0.004141267499494578,-0.018782831735052317,-4.643586096217227e-05,10,1.0333333333333334,0.19531550923607716,0.5914989551093626,1.4751677115573043,10,-0.013931284595707671,0.0039999733216077235,-0.02297985289618431,-0.004882716295231031,10,1.4666666666666666,0.10183501544346311,1.2362998570575707,1.6970334762757624
3000,0.5,0.25,2,10,4,6,0,0,4,10,10,0.6,0.1632993161855452,0.2305912822108201,0.9694087177891799,4,0.0,0.0,0.0,0.0,4,-0.027777777777777818,0.05319039487535212,-0.19705335342542363,0.141497797869868,4,-0.027777777777777818,0.05319039487535212,-0.19705335342542363,0.141497797869868,10,-0.04986599202543181,0.014124123329151455,-0.081816978782717,-0.017915005268146614,10,2.3666666666666663,0.24570382652773307,1.8108459955600273,2.922487337773305,10,-0.0506753897394228,0.014947805581868739,-0.08448967520456216,-0.016861104274283445,10,2.033333333333333,0.2247083157350742,1.5250078073529145,2.5416588593137517
3000,0.5,0.25,4,10,4,6,0,0,4,10,10,0.6,0.1632993161855452,0.2305912822108201,0.9694087177891799,4,-0.055555555555555566,0.03207501495497921,-0.15763256839094883,0.0465214572798377,4,-0.055555555555555525,0.07172191381865586,-0.2838066951956134,0.17269558408450233,4,4.163336342344337e-17,0.07856742013183862,-0.25003659591424254,0.25003659591424265,10,-0.05156121018796709,0.014866003790222938,-0.08519044714420518,-0.017931973231729008,10,2.0333333333333337,0.24570382652773318,1.4775126622266943,2.589154004439973,10,-0.049045567908206425,0.012899547993940445,-0.07822637279955802,-0.019864763016854834,10,2.0333333333333337,0.28738927014172355,1.3832136373708854,2.683453029295782
3000,0.5,2.0,2,10,10,0,0,0,10,10,10,0.0,0.0,0.0,0.0,10,-0.02222222222222222,0.022222222222222213,-0.07249238139551564,0.028047936951071203,10,0.011111111111111117,0.025925925925925936,-0.04753740792439792,0.06975963014662015,10,0.03333333333333334,0.023715274953455004,-0.020314345770353764,0.08698101243702044,10,-0.011708199246898632,0.002231558405918091,-0.016756335079048786,-0.0066600634147484785,10,1.4666666666666668,0.223330569358242,0.9614578195211183,1.9718755138122153,10,-0.011957156934625202,0.0014580617945926353,-0.015255521867065337,-0.008658792002185067,10,1.4333333333333336,0.14098419489388356,1.1144049270127967,1.7522617396538704
3000,0.5,2.0,4,10,10,0,0,0,10,10,10,0.0,0.0,0.0,0.0,10,-1.1102230246251566e-17,0.028688765527462343,-0.06489849642978718,0.06489849642978715,10,0.022222222222222233,0.022222222222222233,-0.02804793695107123,0.0724923813955157,10,0.022222222222222244,0.027715980642769932,-0.04047568191279616,0.08492012635724064,10,-0.013068755512051633,0.0025695850512880802,-0.018881560741242157,-0.00725595028286111,10,1.4,0.1632993161855452,1.03059128221082,1.7694087177891797,10,-0.012097730776448401,0.0022101435056420143,-0.017097422738548418,-0.007098038814348384,10,1.5333333333333337,0.21198648920376567,1.0537865783645908,2.0128800883020763
3000,0.9,0.25,2,10,2,7,0,1,2,9,10,0.7,0.15275252316519466,0.35444978558635615,1.0455502144136437,2,0.1111111111111111,0.11111111111111109,-1.3006894151305213,1.5229116373527436,2,-0.055555555555555525,0.05555555555555552,-0.7614558186763714,0.6503447075652604,2,-0.16666666666666663,0.05555555555555558,-0.8725669297874833,0.53923359645415,10,-0.058691913535738924,0.009843893146931052,-0.08096034692788917,-0.036423480143588684,10,2.4999999999999996,0.3152502435358024,1.7868544035116058,3.2131455964883933,10,-0.05875880682863928,0.009973922718423407,-0.08132138754731653,-0.036196226109962024,10,2.433333333333333,0.2813108644704925,1.7969639462984535,3.0697027203682126
3000,0.9,0.25,4,10,2,7,0,1,2,9,10,0.7,0.15275252316519466,0.35444978558635615,1.0455502144136437,2,0.0,0.0,0.0,0.0,2,0.1111111111111111,5.551115123125783e-17,0.1111111111111104,0.11111111111111181,2,0.1111111111111111,5.551115123125783e-17,0.1111111111111104,0.11111111111111181,10,-0.05474729260585356,0.009496898368741262,-0.0762307692750682,-0.03326381593663892,10,2.466666666666667,0.29059326290271154,1.8092990355303962,3.1240342978029374,10,-0.06648839001433063,0.009231819403337588,-0.0873722164032502,-0.04560456362541106,10,2.5999999999999996,0.28021156028707767,1.9661174117977258,3.2338825882022735
3000,0.9,2.0,2,10,10,0,0,0,10,10,10,0.0,0.0,0.0,0.0,10,0.0,0.043822813208145295,-0.09913409079277366,0.09913409079277366,10,-0.022222222222222233,0.027715980642769946,-0.08492012635724067,0.04047568191279619,10,-0.022222222222222233,0.04319223625811334,-0.11992984885078567,0.07548540440634119,10,-0.012900237582234497,0.0033947912934543393,-0.020579789022927213,-0.0052206861415417805,10,1.4333333333333336,0.19907192074632135,0.9830013619050462,1.883665304761621,10,-0.01485943731535665,0.0037498399279880155,-0.023342164567801443,-0.006376710062911857,10,1.3333333333333333,0.1791612832955234,0.9280423530302466,1.73862431363642
3000,0.9,2.0,4,10,10,0,0,0,10,10,10,0.0,0.0,0.0,0.0,10,-0.011111111111111105,0.019945054841238905,-0.056229959782622706,0.03400773756040049,10,0.011111111111111117,0.025925925925925936,-0.04753740792439792,0.06975963014662015,10,0.02222222222222222,0.027715980642769946,-0.040475681912796206,0.08492012635724064,10,-0.011366837353345626,0.00360727233802612,-0.01952705431097524,-0.0032066203957160123,10,1.1,0.1409841948938836,0.7810715936794632,1.418928406320537,10,-0.009543355205366666,0.0019712649833579635,-0.014002666407243167,-0.005084044003490165,10,1.0,0.149071198499986,0.6627775205463436,1.3372224794536565
